,total population
ZCTA5 84531,920
ZCTA5 84531,+/-215
ZCTA5 84531,920
ZCTA5 84531,(X)
ZCTA5 84536,1998
ZCTA5 84536,+/-215
ZCTA5 84536,1998
ZCTA5 84536,(X)
ZCTA5 85003,9262
ZCTA5 85003,+/-800
ZCTA5 85003,9262
ZCTA5 85003,(X)
ZCTA5 85004,4649
ZCTA5 85004,+/-581
ZCTA5 85004,4649
ZCTA5 85004,(X)
ZCTA5 85006,26473
ZCTA5 85006,"+/-1,645"
ZCTA5 85006,26473
ZCTA5 85006,(X)
ZCTA5 85007,14114
ZCTA5 85007,"+/-1,204"
ZCTA5 85007,14114
ZCTA5 85007,(X)
ZCTA5 85008,55820
ZCTA5 85008,"+/-1,947"
ZCTA5 85008,55820
ZCTA5 85008,(X)
ZCTA5 85009,47667
ZCTA5 85009,"+/-2,169"
ZCTA5 85009,47667
ZCTA5 85009,(X)
ZCTA5 85012,6446
ZCTA5 85012,+/-679
ZCTA5 85012,6446
ZCTA5 85012,(X)
ZCTA5 85013,20479
ZCTA5 85013,"+/-1,374"
ZCTA5 85013,20479
ZCTA5 85013,(X)
ZCTA5 85014,24979
ZCTA5 85014,"+/-1,256"
ZCTA5 85014,24979
ZCTA5 85014,(X)
ZCTA5 85015,39719
ZCTA5 85015,"+/-2,224"
ZCTA5 85015,39719
ZCTA5 85015,(X)
ZCTA5 85016,33432
ZCTA5 85016,"+/-1,274"
ZCTA5 85016,33432
ZCTA5 85016,(X)
ZCTA5 85017,40333
ZCTA5 85017,"+/-1,759"
ZCTA5 85017,40333
ZCTA5 85017,(X)
ZCTA5 85018,37454
ZCTA5 85018,"+/-1,530"
ZCTA5 85018,37454
ZCTA5 85018,(X)
ZCTA5 85019,25866
ZCTA5 85019,"+/-1,622"
ZCTA5 85019,25866
ZCTA5 85019,(X)
ZCTA5 85020,32675
ZCTA5 85020,"+/-1,456"
ZCTA5 85020,32675
ZCTA5 85020,(X)
ZCTA5 85021,37018
ZCTA5 85021,"+/-1,781"
ZCTA5 85021,37018
ZCTA5 85021,(X)
ZCTA5 85022,48071
ZCTA5 85022,"+/-1,877"
ZCTA5 85022,48071
ZCTA5 85022,(X)
ZCTA5 85023,31486
ZCTA5 85023,"+/-1,396"
ZCTA5 85023,31486
ZCTA5 85023,(X)
ZCTA5 85024,23699
ZCTA5 85024,+/-903
ZCTA5 85024,23699
ZCTA5 85024,(X)
ZCTA5 85027,36244
ZCTA5 85027,"+/-1,643"
ZCTA5 85027,36244
ZCTA5 85027,(X)
ZCTA5 85028,18541
ZCTA5 85028,+/-794
ZCTA5 85028,18541
ZCTA5 85028,(X)
ZCTA5 85029,44241
ZCTA5 85029,"+/-1,543"
ZCTA5 85029,44241
ZCTA5 85029,(X)
ZCTA5 85031,27980
ZCTA5 85031,"+/-2,150"
ZCTA5 85031,27980
ZCTA5 85031,(X)
ZCTA5 85032,71347
ZCTA5 85032,"+/-1,968"
ZCTA5 85032,71347
ZCTA5 85032,(X)
ZCTA5 85033,58799
ZCTA5 85033,"+/-1,801"
ZCTA5 85033,58799
ZCTA5 85033,(X)
ZCTA5 85034,4586
ZCTA5 85034,+/-680
ZCTA5 85034,4586
ZCTA5 85034,(X)
ZCTA5 85035,54668
ZCTA5 85035,"+/-2,008"
ZCTA5 85035,54668
ZCTA5 85035,(X)
ZCTA5 85037,47465
ZCTA5 85037,"+/-1,989"
ZCTA5 85037,47465
ZCTA5 85037,(X)
ZCTA5 85040,30312
ZCTA5 85040,"+/-1,401"
ZCTA5 85040,30312
ZCTA5 85040,(X)
ZCTA5 85041,58191
ZCTA5 85041,"+/-2,929"
ZCTA5 85041,58191
ZCTA5 85041,(X)
ZCTA5 85042,41677
ZCTA5 85042,"+/-2,005"
ZCTA5 85042,41677
ZCTA5 85042,(X)
ZCTA5 85043,31724
ZCTA5 85043,"+/-1,910"
ZCTA5 85043,31724
ZCTA5 85043,(X)
ZCTA5 85044,38538
ZCTA5 85044,"+/-1,142"
ZCTA5 85044,38538
ZCTA5 85044,(X)
ZCTA5 85045,7420
ZCTA5 85045,+/-433
ZCTA5 85045,7420
ZCTA5 85045,(X)
ZCTA5 85048,34698
ZCTA5 85048,"+/-1,120"
ZCTA5 85048,34698
ZCTA5 85048,(X)
ZCTA5 85050,29490
ZCTA5 85050,"+/-1,161"
ZCTA5 85050,29490
ZCTA5 85050,(X)
ZCTA5 85051,43022
ZCTA5 85051,"+/-1,615"
ZCTA5 85051,43022
ZCTA5 85051,(X)
ZCTA5 85053,28366
ZCTA5 85053,"+/-1,118"
ZCTA5 85053,28366
ZCTA5 85053,(X)
ZCTA5 85054,5884
ZCTA5 85054,+/-430
ZCTA5 85054,5884
ZCTA5 85054,(X)
ZCTA5 85083,18663
ZCTA5 85083,"+/-1,024"
ZCTA5 85083,18663
ZCTA5 85083,(X)
ZCTA5 85085,18560
ZCTA5 85085,"+/-1,217"
ZCTA5 85085,18560
ZCTA5 85085,(X)
ZCTA5 85086,42749
ZCTA5 85086,"+/-2,275"
ZCTA5 85086,42749
ZCTA5 85086,(X)
ZCTA5 85087,7551
ZCTA5 85087,+/-824
ZCTA5 85087,7551
ZCTA5 85087,(X)
ZCTA5 85118,12005
ZCTA5 85118,+/-690
ZCTA5 85118,12005
ZCTA5 85118,(X)
ZCTA5 85119,20911
ZCTA5 85119,"+/-1,276"
ZCTA5 85119,20911
ZCTA5 85119,(X)
ZCTA5 85120,28038
ZCTA5 85120,"+/-1,257"
ZCTA5 85120,28038
ZCTA5 85120,(X)
ZCTA5 85121,3043
ZCTA5 85121,+/-573
ZCTA5 85121,3043
ZCTA5 85121,(X)
ZCTA5 85122,53558
ZCTA5 85122,+/-981
ZCTA5 85122,53558
ZCTA5 85122,(X)
ZCTA5 85123,9581
ZCTA5 85123,"+/-1,331"
ZCTA5 85123,9581
ZCTA5 85123,(X)
ZCTA5 85128,15965
ZCTA5 85128,+/-932
ZCTA5 85128,15965
ZCTA5 85128,(X)
ZCTA5 85131,18347
ZCTA5 85131,+/-451
ZCTA5 85131,18347
ZCTA5 85131,(X)
ZCTA5 85132,35681
ZCTA5 85132,"+/-1,255"
ZCTA5 85132,35681
ZCTA5 85132,(X)
ZCTA5 85135,591
ZCTA5 85135,+/-164
ZCTA5 85135,591
ZCTA5 85135,(X)
ZCTA5 85137,2751
ZCTA5 85137,+/-388
ZCTA5 85137,2751
ZCTA5 85137,(X)
ZCTA5 85138,35265
ZCTA5 85138,+/-893
ZCTA5 85138,35265
ZCTA5 85138,(X)
ZCTA5 85139,18074
ZCTA5 85139,"+/-1,329"
ZCTA5 85139,18074
ZCTA5 85139,(X)
ZCTA5 85140,39508
ZCTA5 85140,"+/-2,577"
ZCTA5 85140,39508
ZCTA5 85140,(X)
ZCTA5 85141,385
ZCTA5 85141,+/-143
ZCTA5 85141,385
ZCTA5 85141,(X)
ZCTA5 85142,53488
ZCTA5 85142,"+/-1,974"
ZCTA5 85142,53488
ZCTA5 85142,(X)
ZCTA5 85143,37873
ZCTA5 85143,"+/-2,730"
ZCTA5 85143,37873
ZCTA5 85143,(X)
ZCTA5 85145,1945
ZCTA5 85145,+/-320
ZCTA5 85145,1945
ZCTA5 85145,(X)
ZCTA5 85147,4834
ZCTA5 85147,+/-830
ZCTA5 85147,4834
ZCTA5 85147,(X)
ZCTA5 85172,1248
ZCTA5 85172,+/-556
ZCTA5 85172,1248
ZCTA5 85172,(X)
ZCTA5 85173,2913
ZCTA5 85173,+/-89
ZCTA5 85173,2913
ZCTA5 85173,(X)
ZCTA5 85192,1331
ZCTA5 85192,+/-397
ZCTA5 85192,1331
ZCTA5 85192,(X)
ZCTA5 85193,4007
ZCTA5 85193,+/-784
ZCTA5 85193,4007
ZCTA5 85193,(X)
ZCTA5 85194,6523
ZCTA5 85194,+/-691
ZCTA5 85194,6523
ZCTA5 85194,(X)
ZCTA5 85201,47815
ZCTA5 85201,"+/-1,800"
ZCTA5 85201,47815
ZCTA5 85201,(X)
ZCTA5 85202,36024
ZCTA5 85202,"+/-1,342"
ZCTA5 85202,36024
ZCTA5 85202,(X)
ZCTA5 85203,33935
ZCTA5 85203,"+/-1,210"
ZCTA5 85203,33935
ZCTA5 85203,(X)
ZCTA5 85204,62767
ZCTA5 85204,"+/-1,818"
ZCTA5 85204,62767
ZCTA5 85204,(X)
ZCTA5 85205,41891
ZCTA5 85205,"+/-1,317"
ZCTA5 85205,41891
ZCTA5 85205,(X)
ZCTA5 85206,32887
ZCTA5 85206,"+/-1,248"
ZCTA5 85206,32887
ZCTA5 85206,(X)
ZCTA5 85207,47142
ZCTA5 85207,"+/-1,626"
ZCTA5 85207,47142
ZCTA5 85207,(X)
ZCTA5 85208,36742
ZCTA5 85208,"+/-1,458"
ZCTA5 85208,36742
ZCTA5 85208,(X)
ZCTA5 85209,41525
ZCTA5 85209,"+/-1,511"
ZCTA5 85209,41525
ZCTA5 85209,(X)
ZCTA5 85210,38908
ZCTA5 85210,"+/-1,443"
ZCTA5 85210,38908
ZCTA5 85210,(X)
ZCTA5 85212,24685
ZCTA5 85212,"+/-1,227"
ZCTA5 85212,24685
ZCTA5 85212,(X)
ZCTA5 85213,33621
ZCTA5 85213,"+/-1,418"
ZCTA5 85213,33621
ZCTA5 85213,(X)
ZCTA5 85215,15594
ZCTA5 85215,+/-679
ZCTA5 85215,15594
ZCTA5 85215,(X)
ZCTA5 85224,44606
ZCTA5 85224,"+/-1,311"
ZCTA5 85224,44606
ZCTA5 85224,(X)
ZCTA5 85225,72300
ZCTA5 85225,"+/-1,431"
ZCTA5 85225,72300
ZCTA5 85225,(X)
ZCTA5 85226,38543
ZCTA5 85226,"+/-1,273"
ZCTA5 85226,38543
ZCTA5 85226,(X)
ZCTA5 85233,38015
ZCTA5 85233,"+/-1,170"
ZCTA5 85233,38015
ZCTA5 85233,(X)
ZCTA5 85234,51823
ZCTA5 85234,"+/-1,420"
ZCTA5 85234,51823
ZCTA5 85234,(X)
ZCTA5 85248,30253
ZCTA5 85248,+/-922
ZCTA5 85248,30253
ZCTA5 85248,(X)
ZCTA5 85249,39598
ZCTA5 85249,"+/-1,167"
ZCTA5 85249,39598
ZCTA5 85249,(X)
ZCTA5 85250,16850
ZCTA5 85250,+/-815
ZCTA5 85250,16850
ZCTA5 85250,(X)
ZCTA5 85251,37550
ZCTA5 85251,"+/-1,552"
ZCTA5 85251,37550
ZCTA5 85251,(X)
ZCTA5 85253,17166
ZCTA5 85253,+/-475
ZCTA5 85253,17166
ZCTA5 85253,(X)
ZCTA5 85254,45230
ZCTA5 85254,"+/-1,465"
ZCTA5 85254,45230
ZCTA5 85254,(X)
ZCTA5 85255,38082
ZCTA5 85255,"+/-1,341"
ZCTA5 85255,38082
ZCTA5 85255,(X)
ZCTA5 85256,4932
ZCTA5 85256,+/-580
ZCTA5 85256,4932
ZCTA5 85256,(X)
ZCTA5 85257,28684
ZCTA5 85257,"+/-1,310"
ZCTA5 85257,28684
ZCTA5 85257,(X)
ZCTA5 85258,22471
ZCTA5 85258,+/-928
ZCTA5 85258,22471
ZCTA5 85258,(X)
ZCTA5 85259,22265
ZCTA5 85259,"+/-1,323"
ZCTA5 85259,22265
ZCTA5 85259,(X)
ZCTA5 85260,36755
ZCTA5 85260,"+/-1,396"
ZCTA5 85260,36755
ZCTA5 85260,(X)
ZCTA5 85262,10990
ZCTA5 85262,+/-885
ZCTA5 85262,10990
ZCTA5 85262,(X)
ZCTA5 85263,2324
ZCTA5 85263,+/-540
ZCTA5 85263,2324
ZCTA5 85263,(X)
ZCTA5 85264,1123
ZCTA5 85264,+/-151
ZCTA5 85264,1123
ZCTA5 85264,(X)
ZCTA5 85266,10646
ZCTA5 85266,+/-708
ZCTA5 85266,10646
ZCTA5 85266,(X)
ZCTA5 85268,23214
ZCTA5 85268,+/-137
ZCTA5 85268,23214
ZCTA5 85268,(X)
ZCTA5 85281,57507
ZCTA5 85281,"+/-1,830"
ZCTA5 85281,57507
ZCTA5 85281,(X)
ZCTA5 85282,51930
ZCTA5 85282,"+/-1,462"
ZCTA5 85282,51930
ZCTA5 85282,(X)
ZCTA5 85283,46117
ZCTA5 85283,"+/-1,350"
ZCTA5 85283,46117
ZCTA5 85283,(X)
ZCTA5 85284,17315
ZCTA5 85284,+/-674
ZCTA5 85284,17315
ZCTA5 85284,(X)
ZCTA5 85286,39678
ZCTA5 85286,"+/-1,374"
ZCTA5 85286,39678
ZCTA5 85286,(X)
ZCTA5 85295,39947
ZCTA5 85295,"+/-1,200"
ZCTA5 85295,39947
ZCTA5 85295,(X)
ZCTA5 85296,41553
ZCTA5 85296,"+/-1,433"
ZCTA5 85296,41553
ZCTA5 85296,(X)
ZCTA5 85297,29228
ZCTA5 85297,"+/-1,314"
ZCTA5 85297,29228
ZCTA5 85297,(X)
ZCTA5 85298,25494
ZCTA5 85298,"+/-1,321"
ZCTA5 85298,25494
ZCTA5 85298,(X)
ZCTA5 85301,63060
ZCTA5 85301,"+/-2,097"
ZCTA5 85301,63060
ZCTA5 85301,(X)
ZCTA5 85302,38334
ZCTA5 85302,"+/-1,473"
ZCTA5 85302,38334
ZCTA5 85302,(X)
ZCTA5 85303,30754
ZCTA5 85303,"+/-1,426"
ZCTA5 85303,30754
ZCTA5 85303,(X)
ZCTA5 85304,26479
ZCTA5 85304,"+/-1,140"
ZCTA5 85304,26479
ZCTA5 85304,(X)
ZCTA5 85305,11545
ZCTA5 85305,+/-921
ZCTA5 85305,11545
ZCTA5 85305,(X)
ZCTA5 85306,24385
ZCTA5 85306,+/-912
ZCTA5 85306,24385
ZCTA5 85306,(X)
ZCTA5 85307,7556
ZCTA5 85307,+/-758
ZCTA5 85307,7556
ZCTA5 85307,(X)
ZCTA5 85308,63662
ZCTA5 85308,"+/-1,506"
ZCTA5 85308,63662
ZCTA5 85308,(X)
ZCTA5 85309,806
ZCTA5 85309,+/-247
ZCTA5 85309,806
ZCTA5 85309,(X)
ZCTA5 85310,19260
ZCTA5 85310,+/-996
ZCTA5 85310,19260
ZCTA5 85310,(X)
ZCTA5 85320,1157
ZCTA5 85320,+/-503
ZCTA5 85320,1157
ZCTA5 85320,(X)
ZCTA5 85321,4854
ZCTA5 85321,+/-579
ZCTA5 85321,4854
ZCTA5 85321,(X)
ZCTA5 85322,612
ZCTA5 85322,+/-286
ZCTA5 85322,612
ZCTA5 85322,(X)
ZCTA5 85323,39385
ZCTA5 85323,"+/-1,152"
ZCTA5 85323,39385
ZCTA5 85323,(X)
ZCTA5 85324,2550
ZCTA5 85324,+/-498
ZCTA5 85324,2550
ZCTA5 85324,(X)
ZCTA5 85325,802
ZCTA5 85325,+/-205
ZCTA5 85325,802
ZCTA5 85325,(X)
ZCTA5 85326,53868
ZCTA5 85326,"+/-1,412"
ZCTA5 85326,53868
ZCTA5 85326,(X)
ZCTA5 85328,285
ZCTA5 85328,+/-156
ZCTA5 85328,285
ZCTA5 85328,(X)
ZCTA5 85331,27396
ZCTA5 85331,+/-881
ZCTA5 85331,27396
ZCTA5 85331,(X)
ZCTA5 85332,1313
ZCTA5 85332,+/-315
ZCTA5 85332,1313
ZCTA5 85332,(X)
ZCTA5 85333,497
ZCTA5 85333,+/-135
ZCTA5 85333,497
ZCTA5 85333,(X)
ZCTA5 85334,1051
ZCTA5 85334,+/-307
ZCTA5 85334,1051
ZCTA5 85334,(X)
ZCTA5 85335,32600
ZCTA5 85335,+/-59
ZCTA5 85335,32600
ZCTA5 85335,(X)
ZCTA5 85336,714
ZCTA5 85336,+/-215
ZCTA5 85336,714
ZCTA5 85336,(X)
ZCTA5 85337,2948
ZCTA5 85337,+/-353
ZCTA5 85337,2948
ZCTA5 85337,(X)
ZCTA5 85338,46583
ZCTA5 85338,"+/-1,179"
ZCTA5 85338,46583
ZCTA5 85338,(X)
ZCTA5 85339,39137
ZCTA5 85339,"+/-2,107"
ZCTA5 85339,39137
ZCTA5 85339,(X)
ZCTA5 85340,28747
ZCTA5 85340,"+/-1,260"
ZCTA5 85340,28747
ZCTA5 85340,(X)
ZCTA5 85341,28
ZCTA5 85341,+/-48
ZCTA5 85341,28
ZCTA5 85341,(X)
ZCTA5 85342,1351
ZCTA5 85342,+/-285
ZCTA5 85342,1351
ZCTA5 85342,(X)
ZCTA5 85343,90
ZCTA5 85343,+/-84
ZCTA5 85343,90
ZCTA5 85343,(X)
ZCTA5 85344,9709
ZCTA5 85344,+/-520
ZCTA5 85344,9709
ZCTA5 85344,(X)
ZCTA5 85345,58852
ZCTA5 85345,"+/-1,403"
ZCTA5 85345,58852
ZCTA5 85345,(X)
ZCTA5 85346,4298
ZCTA5 85346,+/-248
ZCTA5 85346,4298
ZCTA5 85346,(X)
ZCTA5 85347,815
ZCTA5 85347,+/-381
ZCTA5 85347,815
ZCTA5 85347,(X)
ZCTA5 85348,2924
ZCTA5 85348,+/-553
ZCTA5 85348,2924
ZCTA5 85348,(X)
ZCTA5 85349,28340
ZCTA5 85349,+/-425
ZCTA5 85349,28340
ZCTA5 85349,(X)
ZCTA5 85350,22877
ZCTA5 85350,"+/-1,464"
ZCTA5 85350,22877
ZCTA5 85350,(X)
ZCTA5 85351,28771
ZCTA5 85351,+/-729
ZCTA5 85351,28771
ZCTA5 85351,(X)
ZCTA5 85352,268
ZCTA5 85352,+/-105
ZCTA5 85352,268
ZCTA5 85352,(X)
ZCTA5 85353,33920
ZCTA5 85353,"+/-1,257"
ZCTA5 85353,33920
ZCTA5 85353,(X)
ZCTA5 85354,5772
ZCTA5 85354,+/-758
ZCTA5 85354,5772
ZCTA5 85354,(X)
ZCTA5 85355,9649
ZCTA5 85355,+/-890
ZCTA5 85355,9649
ZCTA5 85355,(X)
ZCTA5 85356,4832
ZCTA5 85356,+/-406
ZCTA5 85356,4832
ZCTA5 85356,(X)
ZCTA5 85357,716
ZCTA5 85357,+/-241
ZCTA5 85357,716
ZCTA5 85357,(X)
ZCTA5 85360,209
ZCTA5 85360,+/-101
ZCTA5 85360,209
ZCTA5 85360,(X)
ZCTA5 85361,5984
ZCTA5 85361,+/-872
ZCTA5 85361,5984
ZCTA5 85361,(X)
ZCTA5 85362,562
ZCTA5 85362,+/-146
ZCTA5 85362,562
ZCTA5 85362,(X)
ZCTA5 85363,6418
ZCTA5 85363,+/-143
ZCTA5 85363,6418
ZCTA5 85363,(X)
ZCTA5 85364,72980
ZCTA5 85364,"+/-1,490"
ZCTA5 85364,72980
ZCTA5 85364,(X)
ZCTA5 85365,49624
ZCTA5 85365,"+/-1,784"
ZCTA5 85365,49624
ZCTA5 85365,(X)
ZCTA5 85367,20559
ZCTA5 85367,+/-967
ZCTA5 85367,20559
ZCTA5 85367,(X)
ZCTA5 85371,563
ZCTA5 85371,+/-195
ZCTA5 85371,563
ZCTA5 85371,(X)
ZCTA5 85373,18770
ZCTA5 85373,+/-934
ZCTA5 85373,18770
ZCTA5 85373,(X)
ZCTA5 85374,46507
ZCTA5 85374,"+/-1,610"
ZCTA5 85374,46507
ZCTA5 85374,(X)
ZCTA5 85375,27545
ZCTA5 85375,"+/-1,273"
ZCTA5 85375,27545
ZCTA5 85375,(X)
ZCTA5 85377,3048
ZCTA5 85377,+/-239
ZCTA5 85377,3048
ZCTA5 85377,(X)
ZCTA5 85379,42544
ZCTA5 85379,"+/-1,441"
ZCTA5 85379,42544
ZCTA5 85379,(X)
ZCTA5 85381,26100
ZCTA5 85381,+/-997
ZCTA5 85381,26100
ZCTA5 85381,(X)
ZCTA5 85382,40792
ZCTA5 85382,"+/-1,297"
ZCTA5 85382,40792
ZCTA5 85382,(X)
ZCTA5 85383,39552
ZCTA5 85383,"+/-1,365"
ZCTA5 85383,39552
ZCTA5 85383,(X)
ZCTA5 85387,10665
ZCTA5 85387,+/-959
ZCTA5 85387,10665
ZCTA5 85387,(X)
ZCTA5 85388,24065
ZCTA5 85388,"+/-1,344"
ZCTA5 85388,24065
ZCTA5 85388,(X)
ZCTA5 85390,8959
ZCTA5 85390,+/-579
ZCTA5 85390,8959
ZCTA5 85390,(X)
ZCTA5 85392,37172
ZCTA5 85392,"+/-1,075"
ZCTA5 85392,37172
ZCTA5 85392,(X)
ZCTA5 85395,25000
ZCTA5 85395,"+/-1,165"
ZCTA5 85395,25000
ZCTA5 85395,(X)
ZCTA5 85396,13506
ZCTA5 85396,"+/-1,004"
ZCTA5 85396,13506
ZCTA5 85396,(X)
ZCTA5 85501,13366
ZCTA5 85501,+/-907
ZCTA5 85501,13366
ZCTA5 85501,(X)
ZCTA5 85530,1734
ZCTA5 85530,+/-328
ZCTA5 85530,1734
ZCTA5 85530,(X)
ZCTA5 85531,422
ZCTA5 85531,+/-270
ZCTA5 85531,422
ZCTA5 85531,(X)
ZCTA5 85533,2952
ZCTA5 85533,+/-251
ZCTA5 85533,2952
ZCTA5 85533,(X)
ZCTA5 85534,2774
ZCTA5 85534,+/-253
ZCTA5 85534,2774
ZCTA5 85534,(X)
ZCTA5 85535,0
ZCTA5 85535,+/-13
ZCTA5 85535,0
ZCTA5 85535,(X)
ZCTA5 85536,517
ZCTA5 85536,+/-398
ZCTA5 85536,517
ZCTA5 85536,(X)
ZCTA5 85539,5367
ZCTA5 85539,+/-639
ZCTA5 85539,5367
ZCTA5 85539,(X)
ZCTA5 85540,3028
ZCTA5 85540,+/-264
ZCTA5 85540,3028
ZCTA5 85540,(X)
ZCTA5 85541,21784
ZCTA5 85541,+/-701
ZCTA5 85541,21784
ZCTA5 85541,(X)
ZCTA5 85542,3695
ZCTA5 85542,+/-435
ZCTA5 85542,3695
ZCTA5 85542,(X)
ZCTA5 85543,3476
ZCTA5 85543,+/-466
ZCTA5 85543,3476
ZCTA5 85543,(X)
ZCTA5 85544,1604
ZCTA5 85544,+/-420
ZCTA5 85544,1604
ZCTA5 85544,(X)
ZCTA5 85545,577
ZCTA5 85545,+/-218
ZCTA5 85545,577
ZCTA5 85545,(X)
ZCTA5 85546,20027
ZCTA5 85546,+/-736
ZCTA5 85546,20027
ZCTA5 85546,(X)
ZCTA5 85550,4990
ZCTA5 85550,+/-431
ZCTA5 85550,4990
ZCTA5 85550,(X)
ZCTA5 85551,445
ZCTA5 85551,+/-217
ZCTA5 85551,445
ZCTA5 85551,(X)
ZCTA5 85552,6278
ZCTA5 85552,+/-347
ZCTA5 85552,6278
ZCTA5 85552,(X)
ZCTA5 85553,1550
ZCTA5 85553,+/-298
ZCTA5 85553,1550
ZCTA5 85553,(X)
ZCTA5 85554,426
ZCTA5 85554,+/-143
ZCTA5 85554,426
ZCTA5 85554,(X)
ZCTA5 85601,635
ZCTA5 85601,+/-182
ZCTA5 85601,635
ZCTA5 85601,(X)
ZCTA5 85602,8912
ZCTA5 85602,+/-698
ZCTA5 85602,8912
ZCTA5 85602,(X)
ZCTA5 85603,6946
ZCTA5 85603,+/-305
ZCTA5 85603,6946
ZCTA5 85603,(X)
ZCTA5 85605,463
ZCTA5 85605,+/-151
ZCTA5 85605,463
ZCTA5 85605,(X)
ZCTA5 85606,1328
ZCTA5 85606,+/-264
ZCTA5 85606,1328
ZCTA5 85606,(X)
ZCTA5 85607,17229
ZCTA5 85607,"+/-1,446"
ZCTA5 85607,17229
ZCTA5 85607,(X)
ZCTA5 85608,5119
ZCTA5 85608,"+/-1,016"
ZCTA5 85608,5119
ZCTA5 85608,(X)
ZCTA5 85609,384
ZCTA5 85609,+/-248
ZCTA5 85609,384
ZCTA5 85609,(X)
ZCTA5 85610,1063
ZCTA5 85610,+/-257
ZCTA5 85610,1063
ZCTA5 85610,(X)
ZCTA5 85611,1030
ZCTA5 85611,+/-255
ZCTA5 85611,1030
ZCTA5 85611,(X)
ZCTA5 85613,5743
ZCTA5 85613,+/-475
ZCTA5 85613,5743
ZCTA5 85613,(X)
ZCTA5 85614,22245
ZCTA5 85614,+/-830
ZCTA5 85614,22245
ZCTA5 85614,(X)
ZCTA5 85615,9481
ZCTA5 85615,+/-787
ZCTA5 85615,9481
ZCTA5 85615,(X)
ZCTA5 85616,5403
ZCTA5 85616,+/-476
ZCTA5 85616,5403
ZCTA5 85616,(X)
ZCTA5 85617,1354
ZCTA5 85617,+/-229
ZCTA5 85617,1354
ZCTA5 85617,(X)
ZCTA5 85618,1853
ZCTA5 85618,+/-276
ZCTA5 85618,1853
ZCTA5 85618,(X)
ZCTA5 85619,141
ZCTA5 85619,+/-183
ZCTA5 85619,141
ZCTA5 85619,(X)
ZCTA5 85620,884
ZCTA5 85620,+/-326
ZCTA5 85620,884
ZCTA5 85620,(X)
ZCTA5 85621,22971
ZCTA5 85621,+/-389
ZCTA5 85621,22971
ZCTA5 85621,(X)
ZCTA5 85622,6659
ZCTA5 85622,+/-442
ZCTA5 85622,6659
ZCTA5 85622,(X)
ZCTA5 85623,4843
ZCTA5 85623,+/-640
ZCTA5 85623,4843
ZCTA5 85623,(X)
ZCTA5 85624,1306
ZCTA5 85624,+/-196
ZCTA5 85624,1306
ZCTA5 85624,(X)
ZCTA5 85625,1602
ZCTA5 85625,+/-225
ZCTA5 85625,1602
ZCTA5 85625,(X)
ZCTA5 85626,867
ZCTA5 85626,+/-313
ZCTA5 85626,867
ZCTA5 85626,(X)
ZCTA5 85627,1010
ZCTA5 85627,+/-302
ZCTA5 85627,1010
ZCTA5 85627,(X)
ZCTA5 85629,24359
ZCTA5 85629,+/-946
ZCTA5 85629,24359
ZCTA5 85629,(X)
ZCTA5 85630,2650
ZCTA5 85630,+/-434
ZCTA5 85630,2650
ZCTA5 85630,(X)
ZCTA5 85631,3970
ZCTA5 85631,+/-578
ZCTA5 85631,3970
ZCTA5 85631,(X)
ZCTA5 85632,887
ZCTA5 85632,+/-132
ZCTA5 85632,887
ZCTA5 85632,(X)
ZCTA5 85633,55
ZCTA5 85633,+/-35
ZCTA5 85633,55
ZCTA5 85633,(X)
ZCTA5 85634,6332
ZCTA5 85634,+/-962
ZCTA5 85634,6332
ZCTA5 85634,(X)
ZCTA5 85635,35850
ZCTA5 85635,+/-744
ZCTA5 85635,35850
ZCTA5 85635,(X)
ZCTA5 85637,1286
ZCTA5 85637,+/-252
ZCTA5 85637,1286
ZCTA5 85637,(X)
ZCTA5 85638,2146
ZCTA5 85638,+/-250
ZCTA5 85638,2146
ZCTA5 85638,(X)
ZCTA5 85640,721
ZCTA5 85640,+/-307
ZCTA5 85640,721
ZCTA5 85640,(X)
ZCTA5 85641,23193
ZCTA5 85641,"+/-1,092"
ZCTA5 85641,23193
ZCTA5 85641,(X)
ZCTA5 85643,8934
ZCTA5 85643,+/-749
ZCTA5 85643,8934
ZCTA5 85643,(X)
ZCTA5 85645,1937
ZCTA5 85645,+/-391
ZCTA5 85645,1937
ZCTA5 85645,(X)
ZCTA5 85646,1476
ZCTA5 85646,+/-283
ZCTA5 85646,1476
ZCTA5 85646,(X)
ZCTA5 85648,18884
ZCTA5 85648,+/-578
ZCTA5 85648,18884
ZCTA5 85648,(X)
ZCTA5 85650,14324
ZCTA5 85650,+/-890
ZCTA5 85650,14324
ZCTA5 85650,(X)
ZCTA5 85653,13827
ZCTA5 85653,"+/-1,002"
ZCTA5 85653,13827
ZCTA5 85653,(X)
ZCTA5 85654,366
ZCTA5 85654,+/-445
ZCTA5 85654,366
ZCTA5 85654,(X)
ZCTA5 85658,9829
ZCTA5 85658,+/-719
ZCTA5 85658,9829
ZCTA5 85658,(X)
ZCTA5 85701,5047
ZCTA5 85701,+/-448
ZCTA5 85701,5047
ZCTA5 85701,(X)
ZCTA5 85704,30417
ZCTA5 85704,+/-907
ZCTA5 85704,30417
ZCTA5 85704,(X)
ZCTA5 85705,54795
ZCTA5 85705,"+/-2,094"
ZCTA5 85705,54795
ZCTA5 85705,(X)
ZCTA5 85706,56962
ZCTA5 85706,"+/-1,942"
ZCTA5 85706,56962
ZCTA5 85706,(X)
ZCTA5 85707,430
ZCTA5 85707,+/-194
ZCTA5 85707,430
ZCTA5 85707,(X)
ZCTA5 85708,4200
ZCTA5 85708,+/-482
ZCTA5 85708,4200
ZCTA5 85708,(X)
ZCTA5 85710,55808
ZCTA5 85710,"+/-1,538"
ZCTA5 85710,55808
ZCTA5 85710,(X)
ZCTA5 85711,40315
ZCTA5 85711,"+/-1,576"
ZCTA5 85711,40315
ZCTA5 85711,(X)
ZCTA5 85712,33758
ZCTA5 85712,"+/-1,419"
ZCTA5 85712,33758
ZCTA5 85712,(X)
ZCTA5 85713,48865
ZCTA5 85713,"+/-1,801"
ZCTA5 85713,48865
ZCTA5 85713,(X)
ZCTA5 85714,14107
ZCTA5 85714,"+/-1,077"
ZCTA5 85714,14107
ZCTA5 85714,(X)
ZCTA5 85715,18884
ZCTA5 85715,+/-757
ZCTA5 85715,18884
ZCTA5 85715,(X)
ZCTA5 85716,32716
ZCTA5 85716,"+/-1,575"
ZCTA5 85716,32716
ZCTA5 85716,(X)
ZCTA5 85718,27010
ZCTA5 85718,"+/-1,056"
ZCTA5 85718,27010
ZCTA5 85718,(X)
ZCTA5 85719,44140
ZCTA5 85719,"+/-1,709"
ZCTA5 85719,44140
ZCTA5 85719,(X)
ZCTA5 85723,0
ZCTA5 85723,+/-13
ZCTA5 85723,0
ZCTA5 85723,(X)
ZCTA5 85724,0
ZCTA5 85724,+/-13
ZCTA5 85724,0
ZCTA5 85724,(X)
ZCTA5 85726,0
ZCTA5 85726,+/-13
ZCTA5 85726,0
ZCTA5 85726,(X)
ZCTA5 85730,39494
ZCTA5 85730,"+/-1,342"
ZCTA5 85730,39494
ZCTA5 85730,(X)
ZCTA5 85735,11723
ZCTA5 85735,"+/-1,517"
ZCTA5 85735,11723
ZCTA5 85735,(X)
ZCTA5 85736,4829
ZCTA5 85736,+/-767
ZCTA5 85736,4829
ZCTA5 85736,(X)
ZCTA5 85737,21872
ZCTA5 85737,+/-703
ZCTA5 85737,21872
ZCTA5 85737,(X)
ZCTA5 85739,17224
ZCTA5 85739,+/-774
ZCTA5 85739,17224
ZCTA5 85739,(X)
ZCTA5 85741,35014
ZCTA5 85741,"+/-1,005"
ZCTA5 85741,35014
ZCTA5 85741,(X)
ZCTA5 85742,25669
ZCTA5 85742,"+/-1,236"
ZCTA5 85742,25669
ZCTA5 85742,(X)
ZCTA5 85743,29164
ZCTA5 85743,"+/-1,095"
ZCTA5 85743,29164
ZCTA5 85743,(X)
ZCTA5 85745,38575
ZCTA5 85745,"+/-1,476"
ZCTA5 85745,38575
ZCTA5 85745,(X)
ZCTA5 85746,42715
ZCTA5 85746,"+/-1,478"
ZCTA5 85746,42715
ZCTA5 85746,(X)
ZCTA5 85747,23952
ZCTA5 85747,+/-830
ZCTA5 85747,23952
ZCTA5 85747,(X)
ZCTA5 85748,17603
ZCTA5 85748,+/-702
ZCTA5 85748,17603
ZCTA5 85748,(X)
ZCTA5 85749,18890
ZCTA5 85749,+/-621
ZCTA5 85749,18890
ZCTA5 85749,(X)
ZCTA5 85750,23615
ZCTA5 85750,+/-910
ZCTA5 85750,23615
ZCTA5 85750,(X)
ZCTA5 85755,15529
ZCTA5 85755,+/-693
ZCTA5 85755,15529
ZCTA5 85755,(X)
ZCTA5 85756,37253
ZCTA5 85756,"+/-1,611"
ZCTA5 85756,37253
ZCTA5 85756,(X)
ZCTA5 85757,18545
ZCTA5 85757,"+/-1,189"
ZCTA5 85757,18545
ZCTA5 85757,(X)
ZCTA5 85901,16856
ZCTA5 85901,+/-699
ZCTA5 85901,16856
ZCTA5 85901,(X)
ZCTA5 85911,1914
ZCTA5 85911,+/-346
ZCTA5 85911,1914
ZCTA5 85911,(X)
ZCTA5 85912,131
ZCTA5 85912,+/-109
ZCTA5 85912,131
ZCTA5 85912,(X)
ZCTA5 85920,390
ZCTA5 85920,+/-128
ZCTA5 85920,390
ZCTA5 85920,(X)
ZCTA5 85922,46
ZCTA5 85922,+/-18
ZCTA5 85922,46
ZCTA5 85922,(X)
ZCTA5 85923,791
ZCTA5 85923,+/-431
ZCTA5 85923,791
ZCTA5 85923,(X)
ZCTA5 85924,2713
ZCTA5 85924,+/-465
ZCTA5 85924,2713
ZCTA5 85924,(X)
ZCTA5 85925,4894
ZCTA5 85925,+/-90
ZCTA5 85925,4894
ZCTA5 85925,(X)
ZCTA5 85926,247
ZCTA5 85926,+/-117
ZCTA5 85926,247
ZCTA5 85926,(X)
ZCTA5 85927,67
ZCTA5 85927,+/-57
ZCTA5 85927,67
ZCTA5 85927,(X)
ZCTA5 85928,1164
ZCTA5 85928,+/-446
ZCTA5 85928,1164
ZCTA5 85928,(X)
ZCTA5 85929,7720
ZCTA5 85929,+/-820
ZCTA5 85929,7720
ZCTA5 85929,(X)
ZCTA5 85930,1081
ZCTA5 85930,+/-177
ZCTA5 85930,1081
ZCTA5 85930,(X)
ZCTA5 85931,157
ZCTA5 85931,+/-74
ZCTA5 85931,157
ZCTA5 85931,(X)
ZCTA5 85932,400
ZCTA5 85932,+/-174
ZCTA5 85932,400
ZCTA5 85932,(X)
ZCTA5 85933,2825
ZCTA5 85933,+/-829
ZCTA5 85933,2825
ZCTA5 85933,(X)
ZCTA5 85934,606
ZCTA5 85934,+/-327
ZCTA5 85934,606
ZCTA5 85934,(X)
ZCTA5 85935,5216
ZCTA5 85935,+/-684
ZCTA5 85935,5216
ZCTA5 85935,(X)
ZCTA5 85936,4406
ZCTA5 85936,+/-261
ZCTA5 85936,4406
ZCTA5 85936,(X)
ZCTA5 85937,7500
ZCTA5 85937,+/-539
ZCTA5 85937,7500
ZCTA5 85937,(X)
ZCTA5 85938,2091
ZCTA5 85938,+/-431
ZCTA5 85938,2091
ZCTA5 85938,(X)
ZCTA5 85939,4442
ZCTA5 85939,+/-199
ZCTA5 85939,4442
ZCTA5 85939,(X)
ZCTA5 85940,1284
ZCTA5 85940,+/-337
ZCTA5 85940,1284
ZCTA5 85940,(X)
ZCTA5 85941,10991
ZCTA5 85941,+/-784
ZCTA5 85941,10991
ZCTA5 85941,(X)
ZCTA5 85942,37
ZCTA5 85942,+/-61
ZCTA5 85942,37
ZCTA5 85942,(X)
ZCTA5 86001,42401
ZCTA5 86001,"+/-1,289"
ZCTA5 86001,42401
ZCTA5 86001,(X)
ZCTA5 86003,0
ZCTA5 86003,+/-13
ZCTA5 86003,0
ZCTA5 86003,(X)
ZCTA5 86004,36811
ZCTA5 86004,"+/-1,348"
ZCTA5 86004,36811
ZCTA5 86004,(X)
ZCTA5 86011,6950
ZCTA5 86011,"+/-1,119"
ZCTA5 86011,6950
ZCTA5 86011,(X)
ZCTA5 86015,300
ZCTA5 86015,+/-309
ZCTA5 86015,300
ZCTA5 86015,(X)
ZCTA5 86016,78
ZCTA5 86016,+/-42
ZCTA5 86016,78
ZCTA5 86016,(X)
ZCTA5 86017,733
ZCTA5 86017,+/-367
ZCTA5 86017,733
ZCTA5 86017,(X)
ZCTA5 86018,670
ZCTA5 86018,+/-232
ZCTA5 86018,670
ZCTA5 86018,(X)
ZCTA5 86020,2263
ZCTA5 86020,+/-311
ZCTA5 86020,2263
ZCTA5 86020,(X)
ZCTA5 86021,6131
ZCTA5 86021,+/-460
ZCTA5 86021,6131
ZCTA5 86021,(X)
ZCTA5 86022,2828
ZCTA5 86022,+/-582
ZCTA5 86022,2828
ZCTA5 86022,(X)
ZCTA5 86023,1707
ZCTA5 86023,+/-368
ZCTA5 86023,1707
ZCTA5 86023,(X)
ZCTA5 86024,522
ZCTA5 86024,+/-163
ZCTA5 86024,522
ZCTA5 86024,(X)
ZCTA5 86025,5748
ZCTA5 86025,+/-247
ZCTA5 86025,5748
ZCTA5 86025,(X)
ZCTA5 86028,0
ZCTA5 86028,+/-13
ZCTA5 86028,0
ZCTA5 86028,(X)
ZCTA5 86029,256
ZCTA5 86029,+/-93
ZCTA5 86029,256
ZCTA5 86029,(X)
ZCTA5 86030,1830
ZCTA5 86030,+/-333
ZCTA5 86030,1830
ZCTA5 86030,(X)
ZCTA5 86031,2027
ZCTA5 86031,+/-223
ZCTA5 86031,2027
ZCTA5 86031,(X)
ZCTA5 86032,1280
ZCTA5 86032,+/-343
ZCTA5 86032,1280
ZCTA5 86032,(X)
ZCTA5 86033,7573
ZCTA5 86033,+/-613
ZCTA5 86033,7573
ZCTA5 86033,(X)
ZCTA5 86034,1963
ZCTA5 86034,+/-258
ZCTA5 86034,1963
ZCTA5 86034,(X)
ZCTA5 86035,1758
ZCTA5 86035,+/-204
ZCTA5 86035,1758
ZCTA5 86035,(X)
ZCTA5 86036,291
ZCTA5 86036,+/-110
ZCTA5 86036,291
ZCTA5 86036,(X)
ZCTA5 86038,7
ZCTA5 86038,+/-11
ZCTA5 86038,7
ZCTA5 86038,(X)
ZCTA5 86039,1358
ZCTA5 86039,+/-270
ZCTA5 86039,1358
ZCTA5 86039,(X)
ZCTA5 86040,10305
ZCTA5 86040,+/-280
ZCTA5 86040,10305
ZCTA5 86040,(X)
ZCTA5 86042,2069
ZCTA5 86042,+/-404
ZCTA5 86042,2069
ZCTA5 86042,(X)
ZCTA5 86043,2080
ZCTA5 86043,+/-503
ZCTA5 86043,2080
ZCTA5 86043,(X)
ZCTA5 86044,3933
ZCTA5 86044,+/-395
ZCTA5 86044,3933
ZCTA5 86044,(X)
ZCTA5 86045,12507
ZCTA5 86045,+/-848
ZCTA5 86045,12507
ZCTA5 86045,(X)
ZCTA5 86046,6227
ZCTA5 86046,+/-568
ZCTA5 86046,6227
ZCTA5 86046,(X)
ZCTA5 86047,15420
ZCTA5 86047,+/-454
ZCTA5 86047,15420
ZCTA5 86047,(X)
ZCTA5 86052,16
ZCTA5 86052,+/-17
ZCTA5 86052,16
ZCTA5 86052,(X)
ZCTA5 86053,2388
ZCTA5 86053,+/-272
ZCTA5 86053,2388
ZCTA5 86053,(X)
ZCTA5 86054,1800
ZCTA5 86054,+/-195
ZCTA5 86054,1800
ZCTA5 86054,(X)
ZCTA5 86301,21655
ZCTA5 86301,+/-865
ZCTA5 86301,21655
ZCTA5 86301,(X)
ZCTA5 86303,16383
ZCTA5 86303,+/-744
ZCTA5 86303,16383
ZCTA5 86303,(X)
ZCTA5 86305,17860
ZCTA5 86305,"+/-1,160"
ZCTA5 86305,17860
ZCTA5 86305,(X)
ZCTA5 86313,107
ZCTA5 86313,+/-56
ZCTA5 86313,107
ZCTA5 86313,(X)
ZCTA5 86314,35418
ZCTA5 86314,"+/-1,009"
ZCTA5 86314,35418
ZCTA5 86314,(X)
ZCTA5 86315,6768
ZCTA5 86315,+/-953
ZCTA5 86315,6768
ZCTA5 86315,(X)
ZCTA5 86320,2031
ZCTA5 86320,+/-412
ZCTA5 86320,2031
ZCTA5 86320,(X)
ZCTA5 86321,2533
ZCTA5 86321,+/-335
ZCTA5 86321,2533
ZCTA5 86321,(X)
ZCTA5 86322,11295
ZCTA5 86322,+/-182
ZCTA5 86322,11295
ZCTA5 86322,(X)
ZCTA5 86323,16220
ZCTA5 86323,+/-819
ZCTA5 86323,16220
ZCTA5 86323,(X)
ZCTA5 86324,4259
ZCTA5 86324,+/-327
ZCTA5 86324,4259
ZCTA5 86324,(X)
ZCTA5 86325,4667
ZCTA5 86325,+/-627
ZCTA5 86325,4667
ZCTA5 86325,(X)
ZCTA5 86326,24871
ZCTA5 86326,"+/-1,079"
ZCTA5 86326,24871
ZCTA5 86326,(X)
ZCTA5 86327,9570
ZCTA5 86327,"+/-1,120"
ZCTA5 86327,9570
ZCTA5 86327,(X)
ZCTA5 86329,937
ZCTA5 86329,+/-441
ZCTA5 86329,937
ZCTA5 86329,(X)
ZCTA5 86331,570
ZCTA5 86331,+/-207
ZCTA5 86331,570
ZCTA5 86331,(X)
ZCTA5 86332,1984
ZCTA5 86332,+/-270
ZCTA5 86332,1984
ZCTA5 86332,(X)
ZCTA5 86333,5713
ZCTA5 86333,+/-713
ZCTA5 86333,5713
ZCTA5 86333,(X)
ZCTA5 86334,4333
ZCTA5 86334,+/-945
ZCTA5 86334,4333
ZCTA5 86334,(X)
ZCTA5 86335,5652
ZCTA5 86335,+/-863
ZCTA5 86335,5652
ZCTA5 86335,(X)
ZCTA5 86336,11146
ZCTA5 86336,+/-260
ZCTA5 86336,11146
ZCTA5 86336,(X)
ZCTA5 86337,1036
ZCTA5 86337,+/-218
ZCTA5 86337,1036
ZCTA5 86337,(X)
ZCTA5 86338,636
ZCTA5 86338,+/-198
ZCTA5 86338,636
ZCTA5 86338,(X)
ZCTA5 86343,111
ZCTA5 86343,+/-39
ZCTA5 86343,111
ZCTA5 86343,(X)
ZCTA5 86351,6546
ZCTA5 86351,+/-653
ZCTA5 86351,6546
ZCTA5 86351,(X)
ZCTA5 86401,26010
ZCTA5 86401,"+/-1,082"
ZCTA5 86401,26010
ZCTA5 86401,(X)
ZCTA5 86403,15839
ZCTA5 86403,+/-922
ZCTA5 86403,15839
ZCTA5 86403,(X)
ZCTA5 86404,15969
ZCTA5 86404,+/-963
ZCTA5 86404,15969
ZCTA5 86404,(X)
ZCTA5 86406,24485
ZCTA5 86406,"+/-1,105"
ZCTA5 86406,24485
ZCTA5 86406,(X)
ZCTA5 86409,25705
ZCTA5 86409,"+/-1,408"
ZCTA5 86409,25705
ZCTA5 86409,(X)
ZCTA5 86411,200
ZCTA5 86411,+/-82
ZCTA5 86411,200
ZCTA5 86411,(X)
ZCTA5 86413,14571
ZCTA5 86413,"+/-1,519"
ZCTA5 86413,14571
ZCTA5 86413,(X)
ZCTA5 86426,13573
ZCTA5 86426,+/-925
ZCTA5 86426,13573
ZCTA5 86426,(X)
ZCTA5 86429,7106
ZCTA5 86429,+/-721
ZCTA5 86429,7106
ZCTA5 86429,(X)
ZCTA5 86431,244
ZCTA5 86431,+/-85
ZCTA5 86431,244
ZCTA5 86431,(X)
ZCTA5 86432,3636
ZCTA5 86432,+/-816
ZCTA5 86432,3636
ZCTA5 86432,(X)
ZCTA5 86433,126
ZCTA5 86433,+/-115
ZCTA5 86433,126
ZCTA5 86433,(X)
ZCTA5 86434,1350
ZCTA5 86434,+/-227
ZCTA5 86434,1350
ZCTA5 86434,(X)
ZCTA5 86435,126
ZCTA5 86435,+/-71
ZCTA5 86435,126
ZCTA5 86435,(X)
ZCTA5 86436,1829
ZCTA5 86436,+/-658
ZCTA5 86436,1829
ZCTA5 86436,(X)
ZCTA5 86437,77
ZCTA5 86437,+/-38
ZCTA5 86437,77
ZCTA5 86437,(X)
ZCTA5 86438,901
ZCTA5 86438,+/-302
ZCTA5 86438,901
ZCTA5 86438,(X)
ZCTA5 86440,6781
ZCTA5 86440,+/-689
ZCTA5 86440,6781
ZCTA5 86440,(X)
ZCTA5 86441,2488
ZCTA5 86441,+/-568
ZCTA5 86441,2488
ZCTA5 86441,(X)
ZCTA5 86442,33108
ZCTA5 86442,+/-696
ZCTA5 86442,33108
ZCTA5 86442,(X)
ZCTA5 86443,0
ZCTA5 86443,+/-13
ZCTA5 86443,0
ZCTA5 86443,(X)
ZCTA5 86444,703
ZCTA5 86444,+/-263
ZCTA5 86444,703
ZCTA5 86444,(X)
ZCTA5 86445,379
ZCTA5 86445,+/-199
ZCTA5 86445,379
ZCTA5 86445,(X)
ZCTA5 86502,1535
ZCTA5 86502,+/-328
ZCTA5 86502,1535
ZCTA5 86502,(X)
ZCTA5 86503,10866
ZCTA5 86503,+/-903
ZCTA5 86503,10866
ZCTA5 86503,(X)
ZCTA5 86504,6549
ZCTA5 86504,+/-704
ZCTA5 86504,6549
ZCTA5 86504,(X)
ZCTA5 86505,8190
ZCTA5 86505,+/-545
ZCTA5 86505,8190
ZCTA5 86505,(X)
ZCTA5 86506,1511
ZCTA5 86506,+/-249
ZCTA5 86506,1511
ZCTA5 86506,(X)
ZCTA5 86507,2415
ZCTA5 86507,+/-323
ZCTA5 86507,2415
ZCTA5 86507,(X)
ZCTA5 86508,960
ZCTA5 86508,+/-141
ZCTA5 86508,960
ZCTA5 86508,(X)
ZCTA5 86510,5035
ZCTA5 86510,+/-283
ZCTA5 86510,5035
ZCTA5 86510,(X)
ZCTA5 86511,3338
ZCTA5 86511,+/-523
ZCTA5 86511,3338
ZCTA5 86511,(X)
ZCTA5 86512,2704
ZCTA5 86512,+/-319
ZCTA5 86512,2704
ZCTA5 86512,(X)
ZCTA5 86514,2444
ZCTA5 86514,+/-245
ZCTA5 86514,2444
ZCTA5 86514,(X)
ZCTA5 86515,4741
ZCTA5 86515,+/-702
ZCTA5 86515,4741
ZCTA5 86515,(X)
ZCTA5 86520,2002
ZCTA5 86520,+/-219
ZCTA5 86520,2002
ZCTA5 86520,(X)
ZCTA5 86535,1105
ZCTA5 86535,+/-196
ZCTA5 86535,1105
ZCTA5 86535,(X)
ZCTA5 86538,2563
ZCTA5 86538,+/-342
ZCTA5 86538,2563
ZCTA5 86538,(X)
ZCTA5 86540,887
ZCTA5 86540,+/-175
ZCTA5 86540,887
ZCTA5 86540,(X)
ZCTA5 86544,1452
ZCTA5 86544,+/-206
ZCTA5 86544,1452
ZCTA5 86544,(X)
ZCTA5 86545,1500
ZCTA5 86545,+/-189
ZCTA5 86545,1500
ZCTA5 86545,(X)
ZCTA5 86547,1253
ZCTA5 86547,+/-173
ZCTA5 86547,1253
ZCTA5 86547,(X)
ZCTA5 86556,1901
ZCTA5 86556,+/-219
ZCTA5 86556,1901
ZCTA5 86556,(X)
ZCTA5 87328,3109
ZCTA5 87328,+/-330
ZCTA5 87328,3109
ZCTA5 87328,(X)
