,,"Less than $10,000","$10,000 to $14,999","$15,000 to $19,999","$20,000 to $24,999","$25,000 to $29,999","$30,000 to $34,999","$35,000 to $39,999","$40,000 to $44,999","$45,000 to $49,999","$50,000 to $59,999","$60,000 to $74,999","$75,000 to $99,999","$100,000 to $124,999","$125,000 to $149,999","$150,000 to $199,999","$200,000 or more",total
ZCTA5 84531,Estimate,41,26,22,10,4,31,7,6,0,13,7,12,6,0,0,0,185
ZCTA5 84531,Margin of Error,+/-30,+/-15,+/-15,+/-9,+/-8,+/-29,+/-9,+/-5,+/-11,+/-10,+/-9,+/-11,+/-9,+/-11,+/-11,+/-11,0
ZCTA5 84536,Estimate,116,32,59,27,25,14,18,5,0,20,24,25,17,7,9,0,398
ZCTA5 84536,Margin of Error,+/-31,+/-16,+/-22,+/-16,+/-14,+/-11,+/-12,+/-7,+/-11,+/-12,+/-14,+/-16,+/-13,+/-11,+/-10,+/-11,0
ZCTA5 85003,Estimate,569,358,344,165,135,210,138,113,80,229,218,386,462,167,182,177,3933
ZCTA5 85003,Margin of Error,+/-148,+/-115,+/-125,+/-80,+/-58,+/-109,+/-72,+/-45,+/-61,+/-97,+/-91,+/-138,+/-144,+/-61,+/-83,+/-55,0
ZCTA5 85004,Estimate,433,192,203,96,68,70,74,58,106,104,121,145,59,70,105,71,1975
ZCTA5 85004,Margin of Error,+/-129,+/-90,+/-80,+/-67,+/-58,+/-39,+/-49,+/-54,+/-73,+/-55,+/-54,+/-63,+/-39,+/-42,+/-61,+/-36,0
ZCTA5 85006,Estimate,1978,834,625,734,669,420,564,332,291,277,605,518,217,154,46,74,8338
ZCTA5 85006,Margin of Error,+/-243,+/-170,+/-147,+/-153,+/-200,+/-143,+/-173,+/-101,+/-123,+/-94,+/-166,+/-127,+/-77,+/-85,+/-31,+/-58,0
ZCTA5 85007,Estimate,1039,530,436,286,238,243,147,250,107,229,286,323,261,152,95,187,4809
ZCTA5 85007,Margin of Error,+/-201,+/-151,+/-141,+/-113,+/-92,+/-107,+/-70,+/-108,+/-46,+/-93,+/-107,+/-115,+/-100,+/-72,+/-48,+/-64,0
ZCTA5 85008,Estimate,2215,1273,1634,1889,1625,1577,1402,1346,976,1679,1760,1488,685,287,244,131,20211
ZCTA5 85008,Margin of Error,+/-312,+/-244,+/-274,+/-315,+/-256,+/-310,+/-246,+/-240,+/-194,+/-291,+/-237,+/-238,+/-213,+/-125,+/-96,+/-93,0
ZCTA5 85009,Estimate,2858,1422,965,1307,898,756,513,500,526,793,675,424,210,127,105,30,12109
ZCTA5 85009,Margin of Error,+/-316,+/-224,+/-191,+/-184,+/-172,+/-150,+/-121,+/-125,+/-126,+/-139,+/-131,+/-108,+/-84,+/-60,+/-49,+/-20,0
ZCTA5 85012,Estimate,344,144,169,125,147,174,141,177,81,189,227,382,234,151,133,278,3096
ZCTA5 85012,Margin of Error,+/-124,+/-59,+/-79,+/-58,+/-76,+/-95,+/-80,+/-112,+/-68,+/-79,+/-71,+/-106,+/-94,+/-65,+/-66,+/-76,0
ZCTA5 85013,Estimate,938,344,789,555,389,540,538,540,487,767,1032,940,625,380,362,510,9736
ZCTA5 85013,Margin of Error,+/-201,+/-118,+/-206,+/-192,+/-113,+/-173,+/-167,+/-180,+/-179,+/-162,+/-242,+/-210,+/-145,+/-114,+/-124,+/-111,0
ZCTA5 85014,Estimate,1290,943,584,670,826,572,499,869,418,963,1165,1070,619,390,348,322,11548
ZCTA5 85014,Margin of Error,+/-224,+/-236,+/-147,+/-171,+/-219,+/-138,+/-161,+/-233,+/-138,+/-222,+/-262,+/-201,+/-147,+/-151,+/-112,+/-119,0
ZCTA5 85015,Estimate,2343,1627,1160,1066,982,912,681,710,456,1180,933,1032,607,318,196,93,14296
ZCTA5 85015,Margin of Error,+/-360,+/-286,+/-281,+/-219,+/-228,+/-235,+/-204,+/-174,+/-148,+/-222,+/-229,+/-210,+/-180,+/-133,+/-110,+/-86,0
ZCTA5 85016,Estimate,1582,714,970,842,1108,659,888,900,709,1256,1007,2159,1101,538,549,738,15720
ZCTA5 85016,Margin of Error,+/-277,+/-183,+/-228,+/-220,+/-264,+/-185,+/-206,+/-219,+/-203,+/-268,+/-241,+/-355,+/-216,+/-129,+/-168,+/-157,0
ZCTA5 85017,Estimate,1650,1107,1335,835,1235,642,800,676,528,741,1064,584,225,80,132,44,11678
ZCTA5 85017,Margin of Error,+/-284,+/-256,+/-262,+/-160,+/-264,+/-188,+/-200,+/-201,+/-179,+/-172,+/-250,+/-167,+/-109,+/-65,+/-87,+/-54,0
ZCTA5 85018,Estimate,1274,1098,922,447,912,739,736,1006,452,1118,1465,1478,1107,859,842,1827,16282
ZCTA5 85018,Margin of Error,+/-243,+/-231,+/-212,+/-128,+/-207,+/-206,+/-197,+/-238,+/-133,+/-237,+/-230,+/-233,+/-180,+/-195,+/-192,+/-249,0
ZCTA5 85019,Estimate,1354,727,611,500,404,518,356,348,405,684,620,420,97,23,31,27,7125
ZCTA5 85019,Margin of Error,+/-258,+/-204,+/-146,+/-138,+/-134,+/-155,+/-121,+/-168,+/-180,+/-168,+/-140,+/-143,+/-54,+/-28,+/-23,+/-30,0
ZCTA5 85020,Estimate,1367,788,799,1316,926,790,703,712,524,1236,1356,1373,930,490,658,525,14493
ZCTA5 85020,Margin of Error,+/-277,+/-202,+/-229,+/-293,+/-280,+/-217,+/-190,+/-206,+/-160,+/-225,+/-229,+/-232,+/-183,+/-140,+/-151,+/-155,0
ZCTA5 85021,Estimate,1798,981,1440,1044,829,820,821,836,636,1072,1120,1146,673,338,416,779,14749
ZCTA5 85021,Margin of Error,+/-251,+/-202,+/-259,+/-188,+/-168,+/-173,+/-187,+/-191,+/-164,+/-230,+/-221,+/-229,+/-182,+/-102,+/-134,+/-163,0
ZCTA5 85022,Estimate,1460,909,1372,1362,1384,1085,1167,1234,1028,1871,1482,2478,1509,963,835,580,20719
ZCTA5 85022,Margin of Error,+/-279,+/-239,+/-262,+/-259,+/-260,+/-243,+/-220,+/-253,+/-260,+/-293,+/-237,+/-327,+/-244,+/-172,+/-165,+/-141,0
ZCTA5 85023,Estimate,864,504,617,658,975,642,783,630,489,931,1138,1250,797,609,502,468,11857
ZCTA5 85023,Margin of Error,+/-190,+/-160,+/-175,+/-176,+/-246,+/-184,+/-199,+/-213,+/-159,+/-172,+/-211,+/-234,+/-164,+/-187,+/-156,+/-123,0
ZCTA5 85024,Estimate,328,311,266,259,413,658,466,623,338,771,1066,1451,1028,800,498,318,9594
ZCTA5 85024,Margin of Error,+/-145,+/-161,+/-121,+/-102,+/-170,+/-201,+/-154,+/-224,+/-117,+/-183,+/-251,+/-297,+/-219,+/-206,+/-153,+/-135,0
ZCTA5 85027,Estimate,760,576,607,821,809,773,692,1225,578,1535,2006,1947,932,609,494,255,14619
ZCTA5 85027,Margin of Error,+/-218,+/-197,+/-173,+/-242,+/-225,+/-185,+/-172,+/-280,+/-198,+/-306,+/-368,+/-304,+/-197,+/-194,+/-143,+/-125,0
ZCTA5 85028,Estimate,303,201,282,169,226,255,281,189,266,508,740,813,1014,598,1012,884,7741
ZCTA5 85028,Margin of Error,+/-120,+/-98,+/-104,+/-85,+/-92,+/-93,+/-105,+/-92,+/-101,+/-144,+/-167,+/-152,+/-188,+/-134,+/-210,+/-189,0
ZCTA5 85029,Estimate,1371,1114,1273,1322,1254,831,965,773,582,1864,1902,1632,888,449,256,220,16696
ZCTA5 85029,Margin of Error,+/-278,+/-215,+/-263,+/-296,+/-276,+/-183,+/-265,+/-224,+/-163,+/-309,+/-309,+/-370,+/-198,+/-142,+/-116,+/-107,0
ZCTA5 85031,Estimate,1862,829,631,627,496,286,516,398,274,541,354,468,184,61,0,27,7554
ZCTA5 85031,Margin of Error,+/-314,+/-206,+/-182,+/-184,+/-153,+/-99,+/-128,+/-119,+/-98,+/-140,+/-119,+/-213,+/-76,+/-52,+/-24,+/-37,0
ZCTA5 85032,Estimate,1413,1539,1597,2027,1227,1452,1571,1507,1678,2426,2832,2880,1909,1306,739,587,26690
ZCTA5 85032,Margin of Error,+/-270,+/-291,+/-348,+/-311,+/-208,+/-214,+/-298,+/-265,+/-282,+/-342,+/-396,+/-379,+/-263,+/-234,+/-154,+/-155,0
ZCTA5 85033,Estimate,1563,1062,1417,1182,1354,1364,1121,756,959,1470,1100,832,478,147,105,49,14959
ZCTA5 85033,Margin of Error,+/-301,+/-224,+/-294,+/-244,+/-209,+/-250,+/-213,+/-160,+/-202,+/-271,+/-196,+/-162,+/-141,+/-73,+/-61,+/-42,0
ZCTA5 85034,Estimate,419,190,111,177,76,97,87,95,13,76,81,30,29,16,36,8,1541
ZCTA5 85034,Margin of Error,+/-105,+/-70,+/-55,+/-71,+/-45,+/-48,+/-47,+/-60,+/-13,+/-48,+/-46,+/-33,+/-21,+/-16,+/-29,+/-11,0
ZCTA5 85035,Estimate,1804,1088,1267,1374,1252,1324,1023,814,612,962,1037,985,339,100,47,9,14037
ZCTA5 85035,Margin of Error,+/-311,+/-245,+/-259,+/-233,+/-250,+/-254,+/-244,+/-215,+/-186,+/-198,+/-232,+/-238,+/-154,+/-83,+/-46,+/-14,0
ZCTA5 85037,Estimate,668,405,560,688,941,1114,979,961,673,1221,1918,1674,911,365,262,21,13361
ZCTA5 85037,Margin of Error,+/-177,+/-144,+/-144,+/-176,+/-198,+/-215,+/-256,+/-241,+/-152,+/-240,+/-269,+/-276,+/-199,+/-113,+/-113,+/-27,0
ZCTA5 85040,Estimate,1664,778,709,657,583,461,522,399,332,696,672,681,303,151,126,167,8901
ZCTA5 85040,Margin of Error,+/-214,+/-154,+/-175,+/-151,+/-168,+/-146,+/-171,+/-119,+/-128,+/-150,+/-141,+/-162,+/-94,+/-76,+/-68,+/-93,0
ZCTA5 85041,Estimate,1665,915,668,1220,1004,1030,1099,1129,525,1444,1507,1685,920,489,311,272,15883
ZCTA5 85041,Margin of Error,+/-303,+/-212,+/-182,+/-272,+/-235,+/-220,+/-318,+/-237,+/-152,+/-306,+/-307,+/-322,+/-213,+/-137,+/-123,+/-100,0
ZCTA5 85042,Estimate,1171,744,717,621,959,910,767,611,606,1364,1109,1313,889,629,344,339,13093
ZCTA5 85042,Margin of Error,+/-268,+/-207,+/-172,+/-193,+/-226,+/-198,+/-209,+/-136,+/-157,+/-277,+/-206,+/-223,+/-158,+/-162,+/-88,+/-127,0
ZCTA5 85043,Estimate,606,555,556,430,660,897,609,725,425,725,951,1048,417,94,104,60,8862
ZCTA5 85043,Margin of Error,+/-197,+/-169,+/-183,+/-131,+/-218,+/-285,+/-252,+/-212,+/-174,+/-222,+/-208,+/-300,+/-141,+/-66,+/-78,+/-54,0
ZCTA5 85044,Estimate,457,306,381,439,715,619,935,1134,789,1495,1891,2622,1797,1105,998,1036,16719
ZCTA5 85044,Margin of Error,+/-138,+/-111,+/-128,+/-131,+/-210,+/-139,+/-216,+/-237,+/-195,+/-224,+/-295,+/-300,+/-267,+/-206,+/-190,+/-185,0
ZCTA5 85045,Estimate,59,23,10,59,26,51,59,65,59,153,196,476,217,318,381,450,2602
ZCTA5 85045,Margin of Error,+/-53,+/-18,+/-15,+/-31,+/-24,+/-33,+/-45,+/-42,+/-37,+/-72,+/-73,+/-111,+/-79,+/-74,+/-95,+/-114,0
ZCTA5 85048,Estimate,399,313,329,310,213,271,339,337,423,837,1227,1677,1477,1383,1383,1881,12799
ZCTA5 85048,Margin of Error,+/-135,+/-136,+/-125,+/-131,+/-111,+/-99,+/-127,+/-159,+/-160,+/-214,+/-274,+/-244,+/-218,+/-249,+/-216,+/-251,0
ZCTA5 85050,Estimate,282,479,277,247,291,233,284,491,400,838,1157,1608,1340,743,1001,1073,10744
ZCTA5 85050,Margin of Error,+/-124,+/-146,+/-112,+/-106,+/-131,+/-92,+/-111,+/-195,+/-157,+/-193,+/-251,+/-284,+/-275,+/-164,+/-194,+/-191,0
ZCTA5 85051,Estimate,1163,1215,1100,921,1026,1217,860,711,629,1139,1371,1476,797,298,266,186,14375
ZCTA5 85051,Margin of Error,+/-258,+/-263,+/-221,+/-232,+/-239,+/-304,+/-259,+/-174,+/-159,+/-265,+/-255,+/-296,+/-169,+/-99,+/-127,+/-107,0
ZCTA5 85053,Estimate,717,515,474,681,798,971,534,903,449,872,1044,1498,685,420,193,100,10854
ZCTA5 85053,Margin of Error,+/-208,+/-130,+/-148,+/-215,+/-191,+/-204,+/-143,+/-189,+/-130,+/-184,+/-238,+/-260,+/-154,+/-150,+/-88,+/-83,0
ZCTA5 85054,Estimate,127,13,52,59,67,30,216,226,134,220,415,320,468,294,248,234,3123
ZCTA5 85054,Margin of Error,+/-81,+/-19,+/-40,+/-46,+/-57,+/-32,+/-130,+/-133,+/-66,+/-122,+/-155,+/-136,+/-182,+/-137,+/-97,+/-100,0
ZCTA5 85083,Estimate,116,17,203,81,28,149,121,138,134,320,612,1002,917,694,809,587,5928
ZCTA5 85083,Margin of Error,+/-82,+/-22,+/-121,+/-56,+/-33,+/-98,+/-74,+/-99,+/-64,+/-136,+/-180,+/-260,+/-230,+/-176,+/-224,+/-169,0
ZCTA5 85085,Estimate,263,73,86,258,216,268,294,411,143,437,669,1617,568,570,411,557,6841
ZCTA5 85085,Margin of Error,+/-122,+/-74,+/-61,+/-212,+/-113,+/-132,+/-118,+/-206,+/-95,+/-164,+/-187,+/-322,+/-148,+/-178,+/-132,+/-148,0
ZCTA5 85086,Estimate,412,177,318,172,386,539,534,516,884,1284,1294,1847,1655,1231,1317,1254,13820
ZCTA5 85086,Margin of Error,+/-165,+/-95,+/-157,+/-111,+/-168,+/-240,+/-198,+/-147,+/-319,+/-301,+/-277,+/-349,+/-344,+/-272,+/-259,+/-275,0
ZCTA5 85087,Estimate,99,17,14,60,76,223,137,72,167,138,471,476,404,213,197,119,2883
ZCTA5 85087,Margin of Error,+/-97,+/-21,+/-23,+/-45,+/-52,+/-153,+/-94,+/-54,+/-141,+/-73,+/-186,+/-174,+/-178,+/-120,+/-116,+/-95,0
ZCTA5 85118,Estimate,102,167,98,290,262,443,239,183,203,714,700,687,497,269,401,385,5640
ZCTA5 85118,Margin of Error,+/-56,+/-82,+/-58,+/-112,+/-92,+/-174,+/-112,+/-76,+/-84,+/-169,+/-173,+/-179,+/-177,+/-103,+/-149,+/-157,0
ZCTA5 85119,Estimate,968,323,672,639,655,598,486,384,485,927,750,1130,690,283,216,157,9363
ZCTA5 85119,Margin of Error,+/-306,+/-167,+/-216,+/-214,+/-200,+/-208,+/-174,+/-126,+/-162,+/-246,+/-181,+/-258,+/-232,+/-132,+/-100,+/-80,0
ZCTA5 85120,Estimate,1232,767,977,836,1049,1114,778,835,615,1142,919,847,297,227,142,98,11875
ZCTA5 85120,Margin of Error,+/-272,+/-211,+/-215,+/-223,+/-228,+/-270,+/-214,+/-206,+/-206,+/-262,+/-214,+/-209,+/-128,+/-123,+/-102,+/-104,0
ZCTA5 85121,Estimate,161,35,38,8,55,22,60,47,14,51,39,45,5,26,5,0,611
ZCTA5 85121,Margin of Error,+/-51,+/-20,+/-32,+/-12,+/-35,+/-23,+/-60,+/-53,+/-15,+/-31,+/-41,+/-25,+/-7,+/-34,+/-9,+/-13,0
ZCTA5 85122,Estimate,1493,963,1147,1090,1087,1188,1342,1094,1344,1675,1836,1898,886,500,614,253,18410
ZCTA5 85122,Margin of Error,+/-334,+/-202,+/-207,+/-220,+/-289,+/-223,+/-264,+/-284,+/-337,+/-326,+/-277,+/-279,+/-207,+/-147,+/-176,+/-141,0
ZCTA5 85123,Estimate,262,179,168,251,20,178,398,382,164,414,493,420,174,143,36,13,3695
ZCTA5 85123,Margin of Error,+/-144,+/-138,+/-90,+/-113,+/-21,+/-125,+/-192,+/-171,+/-93,+/-159,+/-207,+/-184,+/-117,+/-36,+/-36,+/-19,0
ZCTA5 85128,Estimate,508,361,390,222,481,251,177,218,233,439,475,669,236,115,79,25,4879
ZCTA5 85128,Margin of Error,+/-151,+/-163,+/-130,+/-90,+/-153,+/-130,+/-84,+/-107,+/-106,+/-162,+/-144,+/-201,+/-88,+/-88,+/-66,+/-31,0
ZCTA5 85131,Estimate,593,398,289,384,214,255,188,164,135,242,220,288,43,114,30,15,3572
ZCTA5 85131,Margin of Error,+/-130,+/-132,+/-129,+/-144,+/-97,+/-110,+/-112,+/-103,+/-52,+/-105,+/-93,+/-88,+/-27,+/-59,+/-34,+/-23,0
ZCTA5 85132,Estimate,539,251,327,629,662,380,235,483,422,915,1041,924,278,261,150,74,7571
ZCTA5 85132,Margin of Error,+/-161,+/-111,+/-148,+/-197,+/-210,+/-191,+/-101,+/-205,+/-144,+/-267,+/-277,+/-230,+/-129,+/-125,+/-88,+/-67,0
ZCTA5 85135,Estimate,11,6,16,26,12,3,21,30,26,0,14,16,3,0,0,0,184
ZCTA5 85135,Margin of Error,+/-15,+/-7,+/-14,+/-22,+/-10,+/-5,+/-20,+/-24,+/-17,+/-13,+/-14,+/-19,+/-5,+/-13,+/-13,+/-13,0
ZCTA5 85137,Estimate,46,33,44,44,76,62,52,92,17,73,68,158,53,43,19,10,890
ZCTA5 85137,Margin of Error,+/-30,+/-24,+/-30,+/-25,+/-41,+/-33,+/-31,+/-51,+/-23,+/-40,+/-47,+/-66,+/-32,+/-33,+/-21,+/-14,0
ZCTA5 85138,Estimate,419,115,321,312,535,730,378,569,693,803,1739,1859,1292,664,543,216,11188
ZCTA5 85138,Margin of Error,+/-166,+/-62,+/-121,+/-135,+/-184,+/-211,+/-157,+/-177,+/-192,+/-197,+/-311,+/-352,+/-294,+/-173,+/-156,+/-124,0
ZCTA5 85139,Estimate,305,279,293,188,291,322,282,251,273,787,912,877,307,157,164,107,5795
ZCTA5 85139,Margin of Error,+/-114,+/-136,+/-185,+/-98,+/-109,+/-156,+/-118,+/-132,+/-129,+/-255,+/-178,+/-236,+/-102,+/-94,+/-94,+/-68,0
ZCTA5 85140,Estimate,357,184,496,593,471,539,673,538,661,1336,1773,1647,1251,343,205,119,11186
ZCTA5 85140,Margin of Error,+/-177,+/-111,+/-229,+/-265,+/-196,+/-236,+/-292,+/-197,+/-234,+/-396,+/-360,+/-345,+/-352,+/-166,+/-132,+/-60,0
ZCTA5 85141,Estimate,9,4,13,6,19,12,4,4,16,12,5,16,0,0,0,0,120
ZCTA5 85141,Margin of Error,+/-12,+/-6,+/-12,+/-9,+/-17,+/-14,+/-5,+/-5,+/-14,+/-14,+/-6,+/-15,+/-13,+/-13,+/-13,+/-13,0
ZCTA5 85142,Estimate,455,234,364,454,329,872,747,611,772,1260,2032,2677,1951,985,1011,815,15569
ZCTA5 85142,Margin of Error,+/-282,+/-131,+/-160,+/-187,+/-148,+/-263,+/-324,+/-202,+/-251,+/-266,+/-403,+/-384,+/-317,+/-192,+/-202,+/-216,0
ZCTA5 85143,Estimate,670,192,247,538,336,596,598,564,549,1267,1184,2105,1170,341,293,427,11077
ZCTA5 85143,Margin of Error,+/-239,+/-151,+/-144,+/-220,+/-126,+/-212,+/-216,+/-203,+/-232,+/-302,+/-241,+/-409,+/-297,+/-146,+/-155,+/-174,0
ZCTA5 85145,Estimate,17,13,17,16,9,39,40,49,62,104,68,95,54,32,3,0,618
ZCTA5 85145,Margin of Error,+/-15,+/-15,+/-17,+/-24,+/-10,+/-23,+/-24,+/-43,+/-35,+/-47,+/-38,+/-36,+/-32,+/-23,+/-5,+/-13,0
ZCTA5 85147,Estimate,383,110,65,18,61,105,50,63,16,69,99,56,21,0,16,0,1132
ZCTA5 85147,Margin of Error,+/-109,+/-62,+/-63,+/-22,+/-43,+/-65,+/-39,+/-42,+/-17,+/-47,+/-52,+/-33,+/-26,+/-13,+/-27,+/-13,0
ZCTA5 85172,Estimate,76,43,56,0,0,26,75,30,0,20,0,36,56,0,12,0,430
ZCTA5 85172,Margin of Error,+/-116,+/-51,+/-65,+/-13,+/-13,+/-43,+/-118,+/-46,+/-13,+/-30,+/-13,+/-52,+/-62,+/-13,+/-23,+/-13,0
ZCTA5 85173,Estimate,76,72,85,38,106,33,35,61,56,97,115,88,75,31,15,0,983
ZCTA5 85173,Margin of Error,+/-39,+/-37,+/-45,+/-27,+/-44,+/-25,+/-26,+/-40,+/-40,+/-50,+/-52,+/-45,+/-47,+/-25,+/-17,+/-13,0
ZCTA5 85192,Estimate,26,31,26,2,83,20,29,21,17,73,82,81,25,14,0,5,535
ZCTA5 85192,Margin of Error,+/-25,+/-34,+/-25,+/-3,+/-65,+/-16,+/-22,+/-18,+/-13,+/-51,+/-56,+/-58,+/-20,+/-13,+/-13,+/-7,0
ZCTA5 85193,Estimate,121,59,89,105,7,90,50,79,28,135,185,144,131,19,9,0,1251
ZCTA5 85193,Margin of Error,+/-75,+/-59,+/-51,+/-62,+/-11,+/-57,+/-45,+/-53,+/-23,+/-80,+/-94,+/-77,+/-95,+/-20,+/-14,+/-13,0
ZCTA5 85194,Estimate,182,63,180,149,182,181,177,126,155,199,444,257,159,78,65,74,2671
ZCTA5 85194,Margin of Error,+/-115,+/-59,+/-91,+/-75,+/-89,+/-79,+/-70,+/-64,+/-79,+/-63,+/-122,+/-80,+/-68,+/-40,+/-39,+/-46,0
ZCTA5 85201,Estimate,1401,1455,1465,2023,1455,1477,1290,1137,923,1199,1497,1182,791,590,302,158,18345
ZCTA5 85201,Margin of Error,+/-243,+/-289,+/-249,+/-323,+/-284,+/-285,+/-297,+/-260,+/-213,+/-239,+/-251,+/-226,+/-200,+/-142,+/-146,+/-109,0
ZCTA5 85202,Estimate,1362,1007,855,1085,976,1240,832,748,998,1301,1479,1635,741,381,476,122,15238
ZCTA5 85202,Margin of Error,+/-248,+/-216,+/-192,+/-270,+/-197,+/-245,+/-205,+/-162,+/-234,+/-237,+/-230,+/-242,+/-141,+/-117,+/-112,+/-55,0
ZCTA5 85203,Estimate,809,440,852,919,717,746,825,536,656,993,1133,1177,914,416,409,262,11804
ZCTA5 85203,Margin of Error,+/-232,+/-127,+/-207,+/-176,+/-166,+/-189,+/-199,+/-133,+/-179,+/-166,+/-241,+/-209,+/-160,+/-109,+/-99,+/-73,0
ZCTA5 85204,Estimate,1033,1217,1558,1680,1401,1314,1207,1082,1161,2073,2239,2465,1068,462,370,239,20569
ZCTA5 85204,Margin of Error,+/-204,+/-263,+/-251,+/-249,+/-294,+/-215,+/-241,+/-207,+/-224,+/-274,+/-310,+/-321,+/-219,+/-128,+/-126,+/-95,0
ZCTA5 85205,Estimate,1196,1253,1230,1174,1090,807,1229,1217,589,1359,1897,1748,1180,602,714,470,17755
ZCTA5 85205,Margin of Error,+/-244,+/-276,+/-206,+/-280,+/-223,+/-219,+/-270,+/-250,+/-150,+/-273,+/-263,+/-272,+/-271,+/-175,+/-158,+/-111,0
ZCTA5 85206,Estimate,952,773,1128,963,774,801,791,1059,947,1233,1707,1330,1089,511,281,355,14694
ZCTA5 85206,Margin of Error,+/-254,+/-177,+/-267,+/-204,+/-217,+/-172,+/-220,+/-225,+/-255,+/-228,+/-267,+/-196,+/-216,+/-147,+/-110,+/-171,0
ZCTA5 85207,Estimate,1161,506,745,758,824,766,569,596,492,1406,1912,2081,1923,1107,1273,1050,17169
ZCTA5 85207,Margin of Error,+/-270,+/-140,+/-183,+/-187,+/-183,+/-173,+/-137,+/-134,+/-147,+/-233,+/-257,+/-260,+/-258,+/-243,+/-232,+/-216,0
ZCTA5 85208,Estimate,1016,822,1013,964,731,936,1048,825,794,1448,1363,1617,985,551,303,103,14519
ZCTA5 85208,Margin of Error,+/-192,+/-167,+/-196,+/-200,+/-162,+/-169,+/-236,+/-224,+/-203,+/-235,+/-234,+/-247,+/-202,+/-188,+/-141,+/-56,0
ZCTA5 85209,Estimate,882,457,578,589,608,1012,820,999,724,1999,1752,2519,1404,751,633,264,15991
ZCTA5 85209,Margin of Error,+/-215,+/-116,+/-155,+/-155,+/-145,+/-196,+/-196,+/-228,+/-170,+/-356,+/-246,+/-355,+/-262,+/-173,+/-174,+/-102,0
ZCTA5 85210,Estimate,1420,871,1134,701,991,1108,690,809,708,1052,943,1086,702,423,309,90,13037
ZCTA5 85210,Margin of Error,+/-278,+/-195,+/-220,+/-189,+/-190,+/-208,+/-167,+/-183,+/-174,+/-219,+/-190,+/-190,+/-169,+/-134,+/-109,+/-42,0
ZCTA5 85212,Estimate,209,101,160,176,254,234,233,358,301,426,935,1431,974,642,618,173,7225
ZCTA5 85212,Margin of Error,+/-91,+/-54,+/-89,+/-87,+/-120,+/-106,+/-104,+/-153,+/-116,+/-129,+/-184,+/-285,+/-230,+/-188,+/-173,+/-71,0
ZCTA5 85213,Estimate,770,442,501,790,552,600,607,580,485,936,1336,1416,937,591,702,860,12105
ZCTA5 85213,Margin of Error,+/-184,+/-145,+/-143,+/-214,+/-177,+/-188,+/-167,+/-152,+/-146,+/-215,+/-222,+/-248,+/-176,+/-121,+/-133,+/-161,0
ZCTA5 85215,Estimate,365,292,429,370,203,432,287,382,334,552,674,783,633,368,496,320,6920
ZCTA5 85215,Margin of Error,+/-138,+/-114,+/-118,+/-120,+/-93,+/-111,+/-96,+/-94,+/-114,+/-144,+/-171,+/-165,+/-143,+/-101,+/-112,+/-100,0
ZCTA5 85224,Estimate,703,641,494,764,555,878,861,865,846,1714,2322,2697,1799,914,751,454,17258
ZCTA5 85224,Margin of Error,+/-183,+/-208,+/-157,+/-177,+/-179,+/-216,+/-199,+/-176,+/-171,+/-305,+/-289,+/-299,+/-275,+/-198,+/-154,+/-126,0
ZCTA5 85225,Estimate,1546,1048,996,1262,981,1385,1245,1366,1349,2155,2922,3817,2057,1424,835,602,24990
ZCTA5 85225,Margin of Error,+/-298,+/-282,+/-213,+/-229,+/-227,+/-278,+/-260,+/-247,+/-247,+/-268,+/-347,+/-398,+/-247,+/-211,+/-168,+/-152,0
ZCTA5 85226,Estimate,357,203,322,205,535,587,540,818,421,1335,1775,2390,2018,1250,1129,679,14564
ZCTA5 85226,Margin of Error,+/-161,+/-107,+/-123,+/-94,+/-148,+/-208,+/-170,+/-238,+/-142,+/-276,+/-338,+/-286,+/-320,+/-241,+/-200,+/-153,0
ZCTA5 85233,Estimate,389,193,368,472,588,463,538,691,482,1128,1506,2275,1583,999,1042,872,13589
ZCTA5 85233,Margin of Error,+/-120,+/-68,+/-149,+/-146,+/-144,+/-134,+/-155,+/-202,+/-152,+/-219,+/-277,+/-256,+/-208,+/-188,+/-192,+/-214,0
ZCTA5 85234,Estimate,543,564,473,508,527,690,556,656,497,965,1826,2760,2065,1544,1490,949,16613
ZCTA5 85234,Margin of Error,+/-160,+/-159,+/-146,+/-123,+/-129,+/-159,+/-165,+/-149,+/-139,+/-202,+/-283,+/-321,+/-298,+/-243,+/-207,+/-176,0
ZCTA5 85248,Estimate,542,319,445,615,585,636,538,681,704,1057,1540,2013,1455,906,957,1009,14002
ZCTA5 85248,Margin of Error,+/-165,+/-80,+/-156,+/-170,+/-164,+/-166,+/-154,+/-189,+/-196,+/-205,+/-255,+/-286,+/-278,+/-189,+/-170,+/-171,0
ZCTA5 85249,Estimate,457,215,245,339,319,353,399,641,357,640,984,1512,1867,1641,1643,1300,12912
ZCTA5 85249,Margin of Error,+/-157,+/-77,+/-87,+/-106,+/-75,+/-121,+/-103,+/-172,+/-115,+/-144,+/-221,+/-236,+/-261,+/-271,+/-266,+/-205,0
ZCTA5 85250,Estimate,436,319,450,438,404,301,295,426,474,714,1060,1112,889,252,460,459,8489
ZCTA5 85250,Margin of Error,+/-159,+/-134,+/-152,+/-146,+/-151,+/-117,+/-111,+/-129,+/-157,+/-199,+/-244,+/-245,+/-199,+/-90,+/-132,+/-128,0
ZCTA5 85251,Estimate,1515,827,994,965,820,1121,991,941,875,1252,1562,2002,1289,909,933,1153,18149
ZCTA5 85251,Margin of Error,+/-252,+/-214,+/-181,+/-197,+/-210,+/-257,+/-209,+/-191,+/-182,+/-233,+/-247,+/-274,+/-209,+/-225,+/-183,+/-228,0
ZCTA5 85253,Estimate,415,124,186,268,299,153,231,157,130,306,476,562,573,287,524,2472,7163
ZCTA5 85253,Margin of Error,+/-161,+/-92,+/-101,+/-132,+/-131,+/-60,+/-130,+/-86,+/-78,+/-98,+/-162,+/-183,+/-136,+/-103,+/-134,+/-239,0
ZCTA5 85254,Estimate,736,291,260,432,576,585,551,682,410,1197,1717,2403,2063,1723,1894,2206,17726
ZCTA5 85254,Margin of Error,+/-178,+/-107,+/-106,+/-136,+/-180,+/-151,+/-161,+/-188,+/-153,+/-217,+/-279,+/-287,+/-285,+/-253,+/-266,+/-277,0
ZCTA5 85255,Estimate,488,196,217,450,314,321,308,294,245,818,1015,1827,1518,1202,1867,3999,15079
ZCTA5 85255,Margin of Error,+/-143,+/-94,+/-105,+/-166,+/-135,+/-151,+/-92,+/-123,+/-136,+/-236,+/-212,+/-310,+/-281,+/-245,+/-308,+/-392,0
ZCTA5 85256,Estimate,152,84,155,166,112,83,135,53,59,104,151,126,49,76,8,0,1513
ZCTA5 85256,Margin of Error,+/-69,+/-59,+/-59,+/-76,+/-58,+/-53,+/-66,+/-41,+/-36,+/-50,+/-80,+/-60,+/-41,+/-73,+/-7,+/-18,0
ZCTA5 85257,Estimate,610,728,824,841,478,666,471,740,626,1082,1231,1593,931,509,518,275,12123
ZCTA5 85257,Margin of Error,+/-162,+/-215,+/-194,+/-207,+/-135,+/-222,+/-172,+/-241,+/-275,+/-258,+/-242,+/-273,+/-218,+/-163,+/-121,+/-138,0
ZCTA5 85258,Estimate,681,263,372,479,488,435,589,436,390,601,951,1255,1099,679,949,1578,11245
ZCTA5 85258,Margin of Error,+/-210,+/-101,+/-133,+/-153,+/-162,+/-108,+/-168,+/-143,+/-148,+/-149,+/-206,+/-219,+/-193,+/-154,+/-158,+/-237,0
ZCTA5 85259,Estimate,295,118,205,239,252,456,479,380,210,427,892,677,885,620,844,2296,9275
ZCTA5 85259,Margin of Error,+/-133,+/-62,+/-144,+/-115,+/-88,+/-224,+/-244,+/-226,+/-113,+/-168,+/-257,+/-181,+/-216,+/-209,+/-221,+/-318,0
ZCTA5 85260,Estimate,616,303,669,681,643,563,547,727,551,1488,1581,2683,1388,1136,1377,2073,17026
ZCTA5 85260,Margin of Error,+/-230,+/-108,+/-237,+/-213,+/-177,+/-181,+/-180,+/-227,+/-190,+/-339,+/-439,+/-382,+/-250,+/-242,+/-300,+/-299,0
ZCTA5 85262,Estimate,107,68,61,139,148,89,129,130,32,196,179,464,534,593,775,1202,4846
ZCTA5 85262,Margin of Error,+/-61,+/-55,+/-48,+/-82,+/-99,+/-60,+/-86,+/-75,+/-38,+/-105,+/-111,+/-134,+/-215,+/-189,+/-226,+/-242,0
ZCTA5 85263,Estimate,48,23,16,16,86,32,0,44,15,137,106,43,109,175,141,175,1166
ZCTA5 85263,Margin of Error,+/-56,+/-38,+/-26,+/-25,+/-60,+/-35,+/-13,+/-40,+/-25,+/-93,+/-65,+/-40,+/-77,+/-139,+/-86,+/-87,0
ZCTA5 85264,Estimate,40,14,5,29,9,19,14,8,26,25,27,26,35,6,33,14,330
ZCTA5 85264,Margin of Error,+/-17,+/-9,+/-6,+/-18,+/-8,+/-10,+/-9,+/-9,+/-14,+/-13,+/-15,+/-16,+/-27,+/-5,+/-28,+/-22,0
ZCTA5 85266,Estimate,188,125,193,38,107,77,132,112,189,218,428,470,521,370,610,937,4715
ZCTA5 85266,Margin of Error,+/-96,+/-62,+/-142,+/-25,+/-57,+/-40,+/-72,+/-64,+/-85,+/-83,+/-120,+/-135,+/-139,+/-107,+/-191,+/-162,0
ZCTA5 85268,Estimate,201,214,470,490,337,525,562,280,414,891,1318,1635,1082,623,846,854,10742
ZCTA5 85268,Margin of Error,+/-82,+/-115,+/-179,+/-172,+/-149,+/-163,+/-229,+/-125,+/-157,+/-231,+/-312,+/-254,+/-236,+/-178,+/-216,+/-211,0
ZCTA5 85281,Estimate,4063,1637,1530,1266,1491,1175,747,1183,931,1617,1644,1540,823,626,297,200,20770
ZCTA5 85281,Margin of Error,+/-519,+/-289,+/-298,+/-257,+/-319,+/-228,+/-196,+/-261,+/-258,+/-328,+/-321,+/-226,+/-199,+/-199,+/-96,+/-83,0
ZCTA5 85282,Estimate,1743,1002,1161,1172,967,1006,996,1289,985,1787,2288,2323,1431,958,775,446,20329
ZCTA5 85282,Margin of Error,+/-317,+/-226,+/-263,+/-282,+/-244,+/-216,+/-220,+/-329,+/-245,+/-261,+/-314,+/-357,+/-242,+/-216,+/-145,+/-146,0
ZCTA5 85283,Estimate,1201,685,891,1033,819,1181,745,1096,880,1848,2113,2093,1318,745,779,405,17832
ZCTA5 85283,Margin of Error,+/-253,+/-199,+/-226,+/-265,+/-185,+/-224,+/-191,+/-234,+/-244,+/-306,+/-310,+/-292,+/-257,+/-155,+/-174,+/-113,0
ZCTA5 85284,Estimate,103,108,26,83,71,117,173,217,107,264,470,808,904,714,951,1035,6151
ZCTA5 85284,Margin of Error,+/-74,+/-73,+/-22,+/-45,+/-42,+/-58,+/-73,+/-84,+/-48,+/-75,+/-102,+/-158,+/-165,+/-130,+/-169,+/-156,0
ZCTA5 85286,Estimate,136,159,265,381,281,359,388,414,305,946,1314,2169,1665,1496,1372,1190,12840
ZCTA5 85286,Margin of Error,+/-71,+/-101,+/-88,+/-156,+/-101,+/-163,+/-150,+/-135,+/-136,+/-264,+/-313,+/-358,+/-296,+/-297,+/-259,+/-248,0
ZCTA5 85295,Estimate,364,162,304,172,162,378,320,374,287,1425,1278,2275,1973,1831,941,744,12990
ZCTA5 85295,Margin of Error,+/-191,+/-102,+/-160,+/-78,+/-91,+/-164,+/-127,+/-159,+/-116,+/-463,+/-286,+/-409,+/-376,+/-312,+/-214,+/-194,0
ZCTA5 85296,Estimate,244,193,229,191,335,311,277,463,666,762,1792,2286,2054,1114,1074,825,12816
ZCTA5 85296,Margin of Error,+/-106,+/-87,+/-108,+/-73,+/-139,+/-123,+/-100,+/-133,+/-208,+/-166,+/-319,+/-298,+/-297,+/-195,+/-204,+/-175,0
ZCTA5 85297,Estimate,217,109,209,59,97,131,306,324,408,660,930,1531,1192,987,622,671,8453
ZCTA5 85297,Margin of Error,+/-138,+/-69,+/-118,+/-45,+/-56,+/-77,+/-146,+/-130,+/-127,+/-234,+/-227,+/-258,+/-264,+/-185,+/-143,+/-166,0
ZCTA5 85298,Estimate,289,106,100,291,196,170,142,385,178,615,615,1159,1252,847,792,682,7819
ZCTA5 85298,Margin of Error,+/-148,+/-101,+/-59,+/-156,+/-123,+/-76,+/-109,+/-159,+/-72,+/-189,+/-193,+/-240,+/-282,+/-213,+/-221,+/-214,0
ZCTA5 85301,Estimate,3044,2250,2442,1647,1605,1703,1067,1433,813,964,1353,1109,526,206,88,50,20300
ZCTA5 85301,Margin of Error,+/-363,+/-330,+/-321,+/-257,+/-269,+/-296,+/-199,+/-219,+/-190,+/-219,+/-225,+/-219,+/-158,+/-108,+/-65,+/-38,0
ZCTA5 85302,Estimate,1364,825,739,660,959,1312,856,677,545,1416,1344,1707,846,375,232,107,13964
ZCTA5 85302,Margin of Error,+/-327,+/-224,+/-158,+/-214,+/-255,+/-254,+/-214,+/-185,+/-166,+/-282,+/-241,+/-280,+/-205,+/-164,+/-114,+/-55,0
ZCTA5 85303,Estimate,422,523,552,556,397,736,333,525,376,986,947,1100,642,194,263,53,8605
ZCTA5 85303,Margin of Error,+/-115,+/-147,+/-183,+/-139,+/-113,+/-201,+/-106,+/-145,+/-125,+/-176,+/-193,+/-197,+/-150,+/-78,+/-114,+/-38,0
ZCTA5 85304,Estimate,483,393,517,443,294,403,239,472,422,875,1085,1405,1066,480,358,241,9176
ZCTA5 85304,Margin of Error,+/-143,+/-157,+/-148,+/-169,+/-112,+/-120,+/-108,+/-135,+/-135,+/-190,+/-212,+/-214,+/-214,+/-130,+/-109,+/-94,0
ZCTA5 85305,Estimate,47,154,123,255,312,149,115,217,234,407,548,606,620,114,181,91,4173
ZCTA5 85305,Margin of Error,+/-39,+/-91,+/-74,+/-145,+/-133,+/-82,+/-66,+/-88,+/-117,+/-114,+/-169,+/-140,+/-148,+/-62,+/-79,+/-37,0
ZCTA5 85306,Estimate,506,412,387,451,517,578,329,453,320,690,1184,1334,658,320,401,225,8765
ZCTA5 85306,Margin of Error,+/-146,+/-155,+/-124,+/-127,+/-119,+/-166,+/-103,+/-141,+/-93,+/-157,+/-188,+/-210,+/-137,+/-109,+/-117,+/-98,0
ZCTA5 85307,Estimate,61,147,154,232,162,175,140,177,201,311,243,388,197,78,16,15,2697
ZCTA5 85307,Margin of Error,+/-32,+/-71,+/-104,+/-134,+/-93,+/-100,+/-79,+/-99,+/-96,+/-151,+/-84,+/-138,+/-91,+/-50,+/-19,+/-18,0
ZCTA5 85308,Estimate,1167,631,593,792,748,1016,1167,1154,1041,2080,2606,3482,2851,1572,1762,1095,23757
ZCTA5 85308,Margin of Error,+/-202,+/-163,+/-139,+/-189,+/-149,+/-205,+/-194,+/-234,+/-216,+/-234,+/-286,+/-334,+/-296,+/-219,+/-260,+/-165,0
ZCTA5 85309,Estimate,0,0,0,0,0,0,0,0,0,0,0,0,0,0,0,0,0
ZCTA5 85309,Margin of Error,+/-13,+/-13,+/-13,+/-13,+/-13,+/-13,+/-13,+/-13,+/-13,+/-13,+/-13,+/-13,+/-13,+/-13,+/-13,+/-13,0
ZCTA5 85310,Estimate,203,54,100,146,125,70,176,246,187,484,801,1091,842,760,810,407,6502
ZCTA5 85310,Margin of Error,+/-103,+/-57,+/-61,+/-88,+/-62,+/-45,+/-92,+/-135,+/-101,+/-157,+/-172,+/-202,+/-186,+/-223,+/-166,+/-108,0
ZCTA5 85320,Estimate,47,32,42,25,9,38,3,18,4,20,7,29,12,0,0,0,286
ZCTA5 85320,Margin of Error,+/-29,+/-26,+/-34,+/-20,+/-10,+/-26,+/-5,+/-22,+/-8,+/-20,+/-8,+/-36,+/-16,+/-13,+/-13,+/-13,0
ZCTA5 85321,Estimate,320,157,304,133,119,84,69,112,80,192,92,187,39,20,21,9,1938
ZCTA5 85321,Margin of Error,+/-94,+/-69,+/-101,+/-80,+/-56,+/-60,+/-48,+/-67,+/-45,+/-90,+/-51,+/-68,+/-34,+/-22,+/-19,+/-16,0
ZCTA5 85322,Estimate,26,16,1,18,28,14,27,3,0,6,24,32,9,8,6,0,218
ZCTA5 85322,Margin of Error,+/-27,+/-27,+/-6,+/-18,+/-24,+/-12,+/-30,+/-7,+/-13,+/-11,+/-21,+/-42,+/-11,+/-14,+/-10,+/-13,0
ZCTA5 85323,Estimate,1231,662,591,413,631,756,592,579,494,930,1484,1264,618,487,184,39,10955
ZCTA5 85323,Margin of Error,+/-272,+/-153,+/-178,+/-131,+/-191,+/-194,+/-175,+/-154,+/-148,+/-222,+/-268,+/-252,+/-190,+/-242,+/-80,+/-37,0
ZCTA5 85324,Estimate,28,65,72,137,191,72,82,102,73,92,135,55,39,0,0,10,1153
ZCTA5 85324,Margin of Error,+/-27,+/-65,+/-52,+/-74,+/-145,+/-79,+/-88,+/-88,+/-58,+/-73,+/-81,+/-38,+/-47,+/-13,+/-13,+/-16,0
ZCTA5 85325,Estimate,34,77,46,43,45,43,11,25,21,75,30,5,0,0,10,0,465
ZCTA5 85325,Margin of Error,+/-34,+/-43,+/-32,+/-33,+/-36,+/-29,+/-11,+/-23,+/-23,+/-43,+/-34,+/-6,+/-13,+/-13,+/-17,+/-13,0
ZCTA5 85326,Estimate,1053,802,710,604,836,831,687,891,773,952,1688,2582,951,592,430,131,14513
ZCTA5 85326,Margin of Error,+/-248,+/-188,+/-192,+/-155,+/-217,+/-224,+/-166,+/-258,+/-205,+/-227,+/-276,+/-394,+/-232,+/-179,+/-146,+/-100,0
ZCTA5 85328,Estimate,23,8,0,0,0,0,12,22,12,12,10,0,0,12,10,0,121
ZCTA5 85328,Margin of Error,+/-25,+/-14,+/-13,+/-13,+/-13,+/-13,+/-18,+/-33,+/-21,+/-20,+/-17,+/-13,+/-13,+/-19,+/-15,+/-13,0
ZCTA5 85331,Estimate,342,262,143,315,329,99,387,434,432,833,874,1316,1324,1038,1214,1207,10549
ZCTA5 85331,Margin of Error,+/-116,+/-87,+/-78,+/-106,+/-107,+/-53,+/-159,+/-135,+/-138,+/-206,+/-198,+/-240,+/-251,+/-228,+/-234,+/-220,0
ZCTA5 85332,Estimate,63,62,16,40,67,67,91,17,61,85,67,16,0,0,0,0,652
ZCTA5 85332,Margin of Error,+/-49,+/-48,+/-17,+/-33,+/-53,+/-54,+/-61,+/-22,+/-46,+/-54,+/-51,+/-25,+/-13,+/-13,+/-13,+/-13,0
ZCTA5 85333,Estimate,17,13,10,8,14,27,5,3,21,19,13,13,11,3,0,2,179
ZCTA5 85333,Margin of Error,+/-10,+/-17,+/-11,+/-12,+/-12,+/-19,+/-7,+/-7,+/-17,+/-12,+/-14,+/-15,+/-11,+/-5,+/-13,+/-4,0
ZCTA5 85334,Estimate,77,7,25,23,76,22,11,29,26,6,22,0,64,62,0,0,450
ZCTA5 85334,Margin of Error,+/-60,+/-12,+/-19,+/-26,+/-57,+/-25,+/-18,+/-35,+/-29,+/-4,+/-33,+/-13,+/-56,+/-57,+/-13,+/-13,0
ZCTA5 85335,Estimate,515,396,659,493,807,690,641,435,536,1145,1048,1537,423,403,104,56,9888
ZCTA5 85335,Margin of Error,+/-145,+/-125,+/-195,+/-149,+/-214,+/-217,+/-165,+/-125,+/-173,+/-249,+/-214,+/-209,+/-145,+/-173,+/-66,+/-42,0
ZCTA5 85336,Estimate,10,15,12,0,71,13,7,0,0,25,53,10,0,0,0,0,216
ZCTA5 85336,Margin of Error,+/-16,+/-23,+/-17,+/-13,+/-50,+/-19,+/-10,+/-13,+/-13,+/-35,+/-37,+/-16,+/-13,+/-13,+/-13,+/-13,0
ZCTA5 85337,Estimate,106,88,42,46,108,75,57,29,38,77,35,57,47,46,11,18,880
ZCTA5 85337,Margin of Error,+/-43,+/-47,+/-26,+/-28,+/-42,+/-38,+/-30,+/-23,+/-33,+/-40,+/-19,+/-33,+/-31,+/-30,+/-14,+/-24,0
ZCTA5 85338,Estimate,645,298,514,502,249,751,677,940,662,1494,1630,2506,1697,919,858,229,14571
ZCTA5 85338,Margin of Error,+/-260,+/-104,+/-205,+/-185,+/-105,+/-263,+/-238,+/-260,+/-257,+/-351,+/-293,+/-399,+/-362,+/-228,+/-271,+/-97,0
ZCTA5 85339,Estimate,650,348,264,353,322,787,335,489,605,840,1177,1767,1100,793,465,395,10690
ZCTA5 85339,Margin of Error,+/-152,+/-195,+/-113,+/-181,+/-149,+/-235,+/-125,+/-152,+/-221,+/-221,+/-258,+/-297,+/-263,+/-208,+/-154,+/-190,0
ZCTA5 85340,Estimate,245,102,250,264,538,299,210,316,290,888,864,1496,1354,772,678,622,9188
ZCTA5 85340,Margin of Error,+/-106,+/-55,+/-132,+/-141,+/-207,+/-174,+/-98,+/-139,+/-126,+/-249,+/-216,+/-239,+/-257,+/-195,+/-176,+/-161,0
ZCTA5 85341,Estimate,0,0,0,0,0,0,0,0,14,0,0,0,0,0,0,0,14
ZCTA5 85341,Margin of Error,+/-13,+/-13,+/-13,+/-13,+/-13,+/-13,+/-13,+/-13,+/-23,+/-13,+/-13,+/-13,+/-13,+/-13,+/-13,+/-13,0
ZCTA5 85342,Estimate,41,34,45,63,14,29,53,23,30,27,83,95,25,28,9,0,599
ZCTA5 85342,Margin of Error,+/-25,+/-23,+/-27,+/-35,+/-16,+/-25,+/-39,+/-17,+/-23,+/-21,+/-56,+/-50,+/-20,+/-29,+/-14,+/-13,0
ZCTA5 85343,Estimate,0,8,0,0,0,13,4,0,0,0,16,0,0,0,0,0,41
ZCTA5 85343,Margin of Error,+/-13,+/-13,+/-13,+/-13,+/-13,+/-22,+/-6,+/-13,+/-13,+/-13,+/-26,+/-13,+/-13,+/-13,+/-13,+/-13,0
ZCTA5 85344,Estimate,333,421,247,304,388,366,236,183,235,241,449,319,218,100,90,57,4187
ZCTA5 85344,Margin of Error,+/-105,+/-131,+/-80,+/-79,+/-111,+/-109,+/-92,+/-52,+/-81,+/-97,+/-143,+/-103,+/-66,+/-52,+/-42,+/-33,0
ZCTA5 85345,Estimate,1265,1310,1091,1626,1461,1208,1471,1007,1058,1939,2224,2572,1457,542,365,103,20699
ZCTA5 85345,Margin of Error,+/-250,+/-264,+/-215,+/-265,+/-291,+/-238,+/-262,+/-211,+/-200,+/-344,+/-308,+/-281,+/-254,+/-147,+/-119,+/-62,0
ZCTA5 85346,Estimate,149,355,192,233,116,66,131,262,140,462,239,200,88,75,0,0,2708
ZCTA5 85346,Margin of Error,+/-122,+/-249,+/-260,+/-254,+/-143,+/-106,+/-139,+/-172,+/-136,+/-286,+/-193,+/-182,+/-119,+/-116,+/-13,+/-13,0
ZCTA5 85347,Estimate,0,13,24,8,4,43,65,16,3,14,12,25,3,13,8,10,261
ZCTA5 85347,Margin of Error,+/-13,+/-16,+/-26,+/-8,+/-5,+/-33,+/-73,+/-15,+/-5,+/-16,+/-19,+/-20,+/-4,+/-11,+/-13,+/-16,0
ZCTA5 85348,Estimate,61,78,66,180,97,99,134,78,58,82,170,138,9,7,0,3,1260
ZCTA5 85348,Margin of Error,+/-49,+/-54,+/-44,+/-103,+/-61,+/-61,+/-98,+/-59,+/-41,+/-53,+/-106,+/-72,+/-11,+/-8,+/-13,+/-5,0
ZCTA5 85349,Estimate,1060,553,699,868,692,488,579,480,460,634,778,388,144,72,49,0,7944
ZCTA5 85349,Margin of Error,+/-331,+/-170,+/-198,+/-236,+/-223,+/-192,+/-261,+/-155,+/-188,+/-216,+/-253,+/-160,+/-89,+/-53,+/-60,+/-24,0
ZCTA5 85350,Estimate,615,503,733,370,459,442,386,296,279,394,492,454,215,80,22,50,5790
ZCTA5 85350,Margin of Error,+/-173,+/-190,+/-177,+/-130,+/-174,+/-161,+/-165,+/-116,+/-154,+/-174,+/-182,+/-159,+/-100,+/-69,+/-27,+/-56,0
ZCTA5 85351,Estimate,899,1227,1825,1548,1563,1815,1173,1318,1152,1419,1360,1313,511,189,146,71,17529
ZCTA5 85351,Margin of Error,+/-173,+/-261,+/-280,+/-277,+/-290,+/-269,+/-224,+/-202,+/-225,+/-225,+/-306,+/-196,+/-134,+/-87,+/-78,+/-51,0
ZCTA5 85352,Estimate,5,21,0,36,13,21,4,4,0,3,4,0,4,3,0,0,118
ZCTA5 85352,Margin of Error,+/-8,+/-26,+/-13,+/-30,+/-17,+/-23,+/-7,+/-6,+/-13,+/-5,+/-5,+/-13,+/-5,+/-4,+/-13,+/-13,0
ZCTA5 85353,Estimate,615,283,405,320,567,512,485,715,295,1295,1221,1243,491,263,269,75,9054
ZCTA5 85353,Margin of Error,+/-189,+/-156,+/-133,+/-151,+/-189,+/-163,+/-180,+/-213,+/-127,+/-291,+/-226,+/-262,+/-156,+/-132,+/-137,+/-51,0
ZCTA5 85354,Estimate,62,84,175,81,129,116,163,115,53,135,379,180,69,108,50,19,1918
ZCTA5 85354,Margin of Error,+/-60,+/-59,+/-71,+/-52,+/-75,+/-69,+/-86,+/-64,+/-42,+/-74,+/-145,+/-74,+/-47,+/-57,+/-42,+/-29,0
ZCTA5 85355,Estimate,50,133,86,0,79,210,121,81,56,193,598,518,352,199,194,66,2936
ZCTA5 85355,Margin of Error,+/-58,+/-109,+/-76,+/-18,+/-62,+/-197,+/-78,+/-96,+/-36,+/-99,+/-209,+/-156,+/-127,+/-96,+/-97,+/-44,0
ZCTA5 85356,Estimate,151,72,122,109,150,133,230,97,192,139,147,205,112,32,17,44,1952
ZCTA5 85356,Margin of Error,+/-92,+/-51,+/-75,+/-68,+/-90,+/-55,+/-108,+/-63,+/-96,+/-69,+/-83,+/-109,+/-90,+/-33,+/-21,+/-39,0
ZCTA5 85357,Estimate,36,11,32,24,28,37,24,24,17,11,25,0,9,0,0,0,278
ZCTA5 85357,Margin of Error,+/-23,+/-13,+/-28,+/-28,+/-24,+/-31,+/-21,+/-25,+/-23,+/-19,+/-16,+/-13,+/-15,+/-13,+/-13,+/-13,0
ZCTA5 85360,Estimate,22,7,10,5,8,0,8,4,7,0,10,4,12,2,0,0,99
ZCTA5 85360,Margin of Error,+/-23,+/-11,+/-14,+/-5,+/-9,+/-13,+/-9,+/-7,+/-11,+/-13,+/-10,+/-6,+/-15,+/-4,+/-13,+/-13,0
ZCTA5 85361,Estimate,150,37,64,139,142,60,74,156,171,257,203,270,188,23,38,14,1986
ZCTA5 85361,Margin of Error,+/-104,+/-51,+/-50,+/-92,+/-103,+/-42,+/-69,+/-125,+/-119,+/-122,+/-86,+/-166,+/-117,+/-34,+/-39,+/-25,0
ZCTA5 85362,Estimate,52,42,47,29,11,30,32,9,9,13,11,32,15,3,0,5,340
ZCTA5 85362,Margin of Error,+/-35,+/-28,+/-32,+/-24,+/-17,+/-24,+/-22,+/-15,+/-16,+/-14,+/-15,+/-25,+/-21,+/-5,+/-13,+/-8,0
ZCTA5 85363,Estimate,278,191,187,190,128,144,147,70,45,272,231,179,123,82,19,6,2292
ZCTA5 85363,Margin of Error,+/-87,+/-76,+/-74,+/-71,+/-71,+/-85,+/-68,+/-41,+/-31,+/-108,+/-92,+/-71,+/-67,+/-66,+/-15,+/-11,0
ZCTA5 85364,Estimate,2316,2098,1529,2339,1855,1646,1609,1362,1033,2442,2725,2302,1348,709,293,401,26007
ZCTA5 85364,Margin of Error,+/-311,+/-336,+/-271,+/-388,+/-342,+/-306,+/-329,+/-310,+/-201,+/-487,+/-360,+/-305,+/-226,+/-236,+/-114,+/-120,0
ZCTA5 85365,Estimate,959,528,1104,937,892,1358,928,1016,1020,1373,2040,2482,1420,567,680,436,17740
ZCTA5 85365,Margin of Error,+/-230,+/-155,+/-267,+/-212,+/-196,+/-292,+/-214,+/-195,+/-243,+/-286,+/-323,+/-365,+/-245,+/-130,+/-197,+/-131,0
ZCTA5 85367,Estimate,515,449,512,616,605,746,460,357,400,863,1391,1252,674,360,320,210,9730
ZCTA5 85367,Margin of Error,+/-155,+/-160,+/-165,+/-176,+/-149,+/-226,+/-145,+/-121,+/-116,+/-200,+/-410,+/-248,+/-198,+/-195,+/-113,+/-128,0
ZCTA5 85371,Estimate,21,6,60,56,32,0,0,13,8,0,21,6,9,6,0,0,238
ZCTA5 85371,Margin of Error,+/-18,+/-10,+/-38,+/-47,+/-28,+/-13,+/-13,+/-24,+/-12,+/-13,+/-21,+/-10,+/-14,+/-9,+/-13,+/-13,0
ZCTA5 85373,Estimate,440,343,507,544,567,435,442,515,623,875,1013,1428,683,201,175,80,8871
ZCTA5 85373,Margin of Error,+/-139,+/-108,+/-153,+/-130,+/-126,+/-115,+/-150,+/-128,+/-131,+/-132,+/-232,+/-251,+/-208,+/-96,+/-59,+/-57,0
ZCTA5 85374,Estimate,1121,838,1081,1282,1448,1199,1200,1102,1387,1979,2522,2379,1733,494,502,162,20429
ZCTA5 85374,Margin of Error,+/-226,+/-225,+/-251,+/-241,+/-280,+/-237,+/-212,+/-244,+/-257,+/-336,+/-361,+/-355,+/-264,+/-143,+/-124,+/-69,0
ZCTA5 85375,Estimate,677,540,1066,894,1328,1160,1029,1005,842,1485,2065,1792,1040,560,329,270,16082
ZCTA5 85375,Margin of Error,+/-222,+/-183,+/-286,+/-203,+/-227,+/-255,+/-177,+/-186,+/-194,+/-224,+/-408,+/-286,+/-206,+/-142,+/-118,+/-93,0
ZCTA5 85377,Estimate,81,201,87,44,0,106,48,44,18,53,44,224,254,115,180,168,1667
ZCTA5 85377,Margin of Error,+/-91,+/-186,+/-95,+/-72,+/-13,+/-94,+/-75,+/-71,+/-30,+/-63,+/-49,+/-167,+/-156,+/-142,+/-146,+/-107,0
ZCTA5 85379,Estimate,356,339,220,380,387,504,461,520,608,1478,1496,2261,2107,796,570,299,12782
ZCTA5 85379,Margin of Error,+/-145,+/-201,+/-149,+/-157,+/-151,+/-175,+/-182,+/-163,+/-215,+/-300,+/-285,+/-388,+/-337,+/-204,+/-178,+/-133,0
ZCTA5 85381,Estimate,286,137,355,493,339,344,404,294,467,869,1099,1618,1216,712,645,320,9598
ZCTA5 85381,Margin of Error,+/-102,+/-99,+/-138,+/-154,+/-138,+/-111,+/-165,+/-105,+/-150,+/-212,+/-241,+/-283,+/-229,+/-186,+/-150,+/-112,0
ZCTA5 85382,Estimate,489,573,674,636,559,653,1028,932,649,1703,2038,2281,1566,1199,836,594,16410
ZCTA5 85382,Margin of Error,+/-150,+/-166,+/-189,+/-166,+/-125,+/-176,+/-245,+/-227,+/-150,+/-268,+/-310,+/-290,+/-253,+/-226,+/-174,+/-156,0
ZCTA5 85383,Estimate,171,176,153,215,116,485,288,444,246,488,1233,2033,1918,1481,1607,1571,12625
ZCTA5 85383,Margin of Error,+/-62,+/-99,+/-96,+/-115,+/-58,+/-172,+/-127,+/-135,+/-94,+/-143,+/-230,+/-298,+/-251,+/-289,+/-267,+/-250,0
ZCTA5 85387,Estimate,60,71,158,178,175,204,261,225,279,590,572,936,396,147,155,108,4515
ZCTA5 85387,Margin of Error,+/-58,+/-47,+/-92,+/-92,+/-114,+/-100,+/-130,+/-169,+/-111,+/-168,+/-163,+/-178,+/-129,+/-74,+/-82,+/-77,0
ZCTA5 85388,Estimate,276,126,144,255,234,394,298,174,291,881,1133,1668,832,315,278,164,7463
ZCTA5 85388,Margin of Error,+/-146,+/-96,+/-91,+/-115,+/-111,+/-174,+/-121,+/-97,+/-159,+/-288,+/-273,+/-321,+/-230,+/-173,+/-147,+/-99,0
ZCTA5 85390,Estimate,276,372,413,353,238,239,202,191,261,334,229,398,362,126,115,82,4191
ZCTA5 85390,Margin of Error,+/-125,+/-156,+/-174,+/-130,+/-112,+/-119,+/-97,+/-105,+/-138,+/-137,+/-91,+/-152,+/-136,+/-77,+/-55,+/-51,0
ZCTA5 85392,Estimate,337,195,223,355,586,592,682,627,585,929,1965,1952,1193,716,692,277,11906
ZCTA5 85392,Margin of Error,+/-141,+/-92,+/-121,+/-132,+/-251,+/-192,+/-230,+/-199,+/-189,+/-254,+/-327,+/-252,+/-222,+/-162,+/-163,+/-125,0
ZCTA5 85395,Estimate,486,142,112,66,253,436,380,419,373,709,904,1757,936,801,472,615,8861
ZCTA5 85395,Margin of Error,+/-216,+/-107,+/-70,+/-52,+/-140,+/-148,+/-131,+/-155,+/-138,+/-218,+/-221,+/-318,+/-252,+/-215,+/-162,+/-163,0
ZCTA5 85396,Estimate,158,132,187,59,139,113,202,227,188,387,501,1021,342,378,212,402,4648
ZCTA5 85396,Margin of Error,+/-87,+/-85,+/-106,+/-44,+/-89,+/-60,+/-78,+/-84,+/-79,+/-146,+/-157,+/-208,+/-104,+/-147,+/-133,+/-132,0
ZCTA5 85501,Estimate,392,570,398,360,462,157,190,227,167,551,454,586,381,59,134,25,5113
ZCTA5 85501,Margin of Error,+/-163,+/-165,+/-145,+/-142,+/-158,+/-82,+/-86,+/-89,+/-88,+/-159,+/-142,+/-139,+/-120,+/-39,+/-75,+/-23,0
ZCTA5 85530,Estimate,149,10,42,27,36,30,21,0,18,7,48,21,19,0,0,9,437
ZCTA5 85530,Margin of Error,+/-58,+/-15,+/-39,+/-21,+/-30,+/-28,+/-26,+/-13,+/-19,+/-11,+/-35,+/-21,+/-23,+/-13,+/-13,+/-18,0
ZCTA5 85531,Estimate,0,8,0,8,27,0,0,19,12,7,0,22,8,9,23,7,150
ZCTA5 85531,Margin of Error,+/-13,+/-13,+/-13,+/-13,+/-38,+/-13,+/-13,+/-29,+/-19,+/-11,+/-13,+/-34,+/-12,+/-15,+/-27,+/-10,0
ZCTA5 85533,Estimate,48,57,89,100,50,100,38,108,15,194,125,148,65,18,27,21,1203
ZCTA5 85533,Margin of Error,+/-34,+/-47,+/-59,+/-50,+/-33,+/-57,+/-28,+/-60,+/-12,+/-70,+/-50,+/-50,+/-39,+/-19,+/-31,+/-18,0
ZCTA5 85534,Estimate,54,109,102,135,109,67,38,91,41,97,46,87,52,45,26,5,1104
ZCTA5 85534,Margin of Error,+/-31,+/-51,+/-45,+/-53,+/-51,+/-36,+/-33,+/-49,+/-25,+/-42,+/-34,+/-45,+/-35,+/-35,+/-21,+/-8,0
ZCTA5 85535,Estimate,0,0,0,0,0,0,0,0,0,0,0,0,0,0,0,0,0
ZCTA5 85535,Margin of Error,+/-13,+/-13,+/-13,+/-13,+/-13,+/-13,+/-13,+/-13,+/-13,+/-13,+/-13,+/-13,+/-13,+/-13,+/-13,+/-13,0
ZCTA5 85536,Estimate,0,0,0,23,42,8,9,0,0,36,17,0,0,0,0,0,135
ZCTA5 85536,Margin of Error,+/-13,+/-13,+/-13,+/-34,+/-45,+/-13,+/-13,+/-13,+/-13,+/-47,+/-18,+/-13,+/-13,+/-13,+/-13,+/-13,0
ZCTA5 85539,Estimate,140,128,113,155,107,172,66,77,134,179,308,137,206,15,5,8,1950
ZCTA5 85539,Margin of Error,+/-66,+/-61,+/-62,+/-78,+/-50,+/-79,+/-42,+/-35,+/-55,+/-96,+/-113,+/-73,+/-97,+/-25,+/-7,+/-13,0
ZCTA5 85540,Estimate,42,10,16,41,18,0,64,63,64,184,165,218,159,49,10,6,1109
ZCTA5 85540,Margin of Error,+/-30,+/-15,+/-19,+/-38,+/-22,+/-13,+/-43,+/-42,+/-36,+/-72,+/-62,+/-76,+/-63,+/-36,+/-12,+/-10,0
ZCTA5 85541,Estimate,754,561,686,739,505,614,742,639,541,845,761,1064,362,260,227,109,9409
ZCTA5 85541,Margin of Error,+/-242,+/-216,+/-182,+/-208,+/-174,+/-157,+/-190,+/-156,+/-136,+/-252,+/-188,+/-249,+/-104,+/-113,+/-148,+/-65,0
ZCTA5 85542,Estimate,202,69,32,66,18,10,33,62,39,68,58,53,52,18,11,0,791
ZCTA5 85542,Margin of Error,+/-78,+/-40,+/-26,+/-45,+/-22,+/-17,+/-34,+/-42,+/-28,+/-41,+/-40,+/-40,+/-47,+/-19,+/-11,+/-13,0
ZCTA5 85543,Estimate,104,81,96,55,38,84,74,72,84,92,141,176,53,54,17,15,1236
ZCTA5 85543,Margin of Error,+/-59,+/-45,+/-42,+/-38,+/-28,+/-52,+/-44,+/-41,+/-47,+/-40,+/-62,+/-77,+/-33,+/-47,+/-11,+/-18,0
ZCTA5 85544,Estimate,133,12,42,62,27,0,19,76,63,84,83,114,137,0,0,11,863
ZCTA5 85544,Margin of Error,+/-93,+/-18,+/-52,+/-71,+/-42,+/-13,+/-21,+/-41,+/-72,+/-73,+/-72,+/-77,+/-109,+/-13,+/-13,+/-17,0
ZCTA5 85545,Estimate,41,0,11,10,32,35,38,12,0,15,40,63,0,0,0,6,303
ZCTA5 85545,Margin of Error,+/-39,+/-13,+/-12,+/-11,+/-35,+/-53,+/-40,+/-13,+/-13,+/-23,+/-54,+/-58,+/-13,+/-13,+/-13,+/-9,0
ZCTA5 85546,Estimate,529,266,408,483,255,213,426,185,390,420,775,1053,251,159,169,46,6028
ZCTA5 85546,Margin of Error,+/-154,+/-99,+/-104,+/-145,+/-72,+/-80,+/-127,+/-61,+/-145,+/-103,+/-157,+/-197,+/-95,+/-75,+/-82,+/-37,0
ZCTA5 85550,Estimate,179,92,60,159,85,38,111,43,98,93,56,47,54,41,0,14,1170
ZCTA5 85550,Margin of Error,+/-71,+/-51,+/-40,+/-81,+/-51,+/-34,+/-83,+/-29,+/-54,+/-62,+/-50,+/-47,+/-42,+/-40,+/-18,+/-21,0
ZCTA5 85551,Estimate,9,0,3,0,21,3,5,2,7,26,25,17,13,0,0,0,131
ZCTA5 85551,Margin of Error,+/-14,+/-13,+/-5,+/-13,+/-23,+/-5,+/-8,+/-5,+/-10,+/-28,+/-26,+/-22,+/-20,+/-13,+/-13,+/-13,0
ZCTA5 85552,Estimate,190,104,125,86,94,60,130,133,100,160,143,273,232,169,47,62,2108
ZCTA5 85552,Margin of Error,+/-91,+/-69,+/-83,+/-67,+/-54,+/-43,+/-84,+/-68,+/-58,+/-64,+/-68,+/-120,+/-92,+/-89,+/-35,+/-53,0
ZCTA5 85553,Estimate,71,31,101,114,74,0,63,0,40,55,85,93,21,20,0,21,789
ZCTA5 85553,Margin of Error,+/-74,+/-35,+/-66,+/-76,+/-53,+/-13,+/-59,+/-13,+/-46,+/-45,+/-63,+/-69,+/-34,+/-32,+/-13,+/-34,0
ZCTA5 85554,Estimate,20,5,4,11,11,10,0,12,37,11,57,43,0,0,0,0,221
ZCTA5 85554,Margin of Error,+/-24,+/-10,+/-8,+/-18,+/-18,+/-17,+/-13,+/-18,+/-34,+/-13,+/-34,+/-36,+/-13,+/-13,+/-13,+/-13,0
ZCTA5 85601,Estimate,29,19,40,71,9,68,36,31,17,19,0,7,0,0,0,0,346
ZCTA5 85601,Margin of Error,+/-34,+/-30,+/-38,+/-44,+/-13,+/-48,+/-34,+/-36,+/-27,+/-21,+/-13,+/-13,+/-13,+/-13,+/-13,+/-13,0
ZCTA5 85602,Estimate,309,167,344,309,371,277,224,182,260,590,253,359,188,165,21,8,4027
ZCTA5 85602,Margin of Error,+/-120,+/-98,+/-141,+/-124,+/-120,+/-126,+/-110,+/-108,+/-113,+/-175,+/-106,+/-143,+/-110,+/-102,+/-23,+/-13,0
ZCTA5 85603,Estimate,462,292,274,261,175,281,160,113,118,282,323,212,201,83,61,30,3328
ZCTA5 85603,Margin of Error,+/-120,+/-113,+/-86,+/-88,+/-62,+/-97,+/-84,+/-54,+/-74,+/-102,+/-112,+/-75,+/-86,+/-44,+/-40,+/-22,0
ZCTA5 85605,Estimate,31,19,12,24,6,6,10,21,6,5,34,12,3,0,0,0,189
ZCTA5 85605,Margin of Error,+/-24,+/-17,+/-11,+/-17,+/-6,+/-10,+/-11,+/-20,+/-9,+/-5,+/-23,+/-15,+/-4,+/-13,+/-13,+/-13,0
ZCTA5 85606,Estimate,58,9,66,19,78,21,13,23,19,40,54,53,45,0,21,15,534
ZCTA5 85606,Margin of Error,+/-30,+/-11,+/-33,+/-16,+/-70,+/-14,+/-12,+/-18,+/-17,+/-28,+/-35,+/-36,+/-35,+/-13,+/-31,+/-21,0
ZCTA5 85607,Estimate,766,690,593,428,462,326,184,223,265,293,363,428,163,55,40,40,5319
ZCTA5 85607,Margin of Error,+/-167,+/-150,+/-157,+/-114,+/-135,+/-109,+/-67,+/-74,+/-101,+/-82,+/-128,+/-121,+/-71,+/-40,+/-26,+/-29,0
ZCTA5 85608,Estimate,0,0,0,0,0,0,0,0,0,0,0,0,0,0,0,0,0
ZCTA5 85608,Margin of Error,+/-13,+/-13,+/-13,+/-13,+/-13,+/-13,+/-13,+/-13,+/-13,+/-13,+/-13,+/-13,+/-13,+/-13,+/-13,+/-13,0
ZCTA5 85609,Estimate,0,0,34,16,0,0,0,0,16,46,37,37,0,0,0,0,186
ZCTA5 85609,Margin of Error,+/-13,+/-13,+/-36,+/-26,+/-13,+/-13,+/-13,+/-13,+/-25,+/-75,+/-34,+/-44,+/-13,+/-13,+/-13,+/-13,0
ZCTA5 85610,Estimate,37,9,17,26,11,30,36,32,46,46,32,58,13,0,17,0,410
ZCTA5 85610,Margin of Error,+/-29,+/-7,+/-19,+/-13,+/-8,+/-30,+/-27,+/-20,+/-30,+/-25,+/-21,+/-40,+/-10,+/-13,+/-20,+/-13,0
ZCTA5 85611,Estimate,35,22,18,28,82,6,32,0,21,35,24,67,13,47,11,0,441
ZCTA5 85611,Margin of Error,+/-30,+/-16,+/-20,+/-19,+/-86,+/-9,+/-24,+/-13,+/-16,+/-32,+/-20,+/-40,+/-11,+/-30,+/-14,+/-13,0
ZCTA5 85613,Estimate,12,0,6,38,64,30,98,61,53,35,154,152,51,4,18,0,776
ZCTA5 85613,Margin of Error,+/-19,+/-18,+/-8,+/-34,+/-43,+/-30,+/-95,+/-48,+/-33,+/-34,+/-77,+/-62,+/-48,+/-7,+/-16,+/-18,0
ZCTA5 85614,Estimate,431,675,756,884,766,815,823,557,647,1215,1288,1723,845,327,317,186,12255
ZCTA5 85614,Margin of Error,+/-125,+/-179,+/-213,+/-186,+/-173,+/-176,+/-149,+/-127,+/-150,+/-214,+/-181,+/-250,+/-165,+/-132,+/-114,+/-74,0
ZCTA5 85615,Estimate,234,120,222,42,110,298,181,167,202,499,296,605,268,151,210,132,3737
ZCTA5 85615,Margin of Error,+/-120,+/-74,+/-128,+/-51,+/-79,+/-106,+/-113,+/-81,+/-118,+/-182,+/-121,+/-187,+/-106,+/-75,+/-100,+/-102,0
ZCTA5 85616,Estimate,285,199,122,124,99,218,86,99,119,223,102,478,48,117,9,3,2331
ZCTA5 85616,Margin of Error,+/-117,+/-88,+/-57,+/-73,+/-58,+/-97,+/-60,+/-63,+/-104,+/-78,+/-62,+/-167,+/-42,+/-70,+/-14,+/-5,0
ZCTA5 85617,Estimate,40,65,13,72,42,19,28,40,29,26,43,34,24,46,2,2,525
ZCTA5 85617,Margin of Error,+/-22,+/-31,+/-9,+/-32,+/-20,+/-14,+/-17,+/-22,+/-18,+/-19,+/-29,+/-21,+/-18,+/-27,+/-3,+/-3,0
ZCTA5 85618,Estimate,62,41,59,40,28,59,45,38,38,44,45,59,27,0,3,8,596
ZCTA5 85618,Margin of Error,+/-35,+/-23,+/-52,+/-19,+/-19,+/-35,+/-30,+/-23,+/-24,+/-22,+/-21,+/-45,+/-17,+/-13,+/-5,+/-12,0
ZCTA5 85619,Estimate,0,0,0,0,0,0,0,0,0,0,0,15,15,0,0,0,30
ZCTA5 85619,Margin of Error,+/-13,+/-13,+/-13,+/-13,+/-13,+/-13,+/-13,+/-13,+/-13,+/-13,+/-13,+/-23,+/-23,+/-13,+/-13,+/-13,0
ZCTA5 85620,Estimate,49,19,12,23,31,10,20,11,11,9,13,27,15,0,0,0,250
ZCTA5 85620,Margin of Error,+/-34,+/-23,+/-10,+/-22,+/-27,+/-13,+/-22,+/-19,+/-14,+/-11,+/-20,+/-31,+/-18,+/-13,+/-13,+/-13,0
ZCTA5 85621,Estimate,1335,796,551,621,530,486,315,174,290,465,463,559,319,123,149,100,7276
ZCTA5 85621,Margin of Error,+/-205,+/-192,+/-175,+/-157,+/-148,+/-165,+/-115,+/-110,+/-98,+/-110,+/-118,+/-148,+/-107,+/-60,+/-74,+/-81,0
ZCTA5 85622,Estimate,63,96,149,132,296,262,287,125,184,382,618,364,266,284,136,102,3746
ZCTA5 85622,Margin of Error,+/-73,+/-62,+/-144,+/-74,+/-132,+/-102,+/-91,+/-61,+/-73,+/-98,+/-175,+/-110,+/-88,+/-117,+/-116,+/-47,0
ZCTA5 85623,Estimate,398,29,29,166,53,15,72,50,96,216,255,342,123,100,31,37,2012
ZCTA5 85623,Margin of Error,+/-153,+/-35,+/-36,+/-111,+/-55,+/-24,+/-77,+/-41,+/-68,+/-117,+/-127,+/-137,+/-101,+/-66,+/-53,+/-36,0
ZCTA5 85624,Estimate,101,76,62,23,11,36,35,60,28,48,44,35,29,39,27,24,678
ZCTA5 85624,Margin of Error,+/-43,+/-34,+/-32,+/-22,+/-15,+/-27,+/-21,+/-34,+/-23,+/-27,+/-32,+/-23,+/-23,+/-32,+/-23,+/-29,0
ZCTA5 85625,Estimate,121,56,63,35,84,81,125,51,68,91,26,57,21,30,2,18,929
ZCTA5 85625,Margin of Error,+/-56,+/-33,+/-37,+/-22,+/-38,+/-45,+/-70,+/-35,+/-43,+/-38,+/-19,+/-30,+/-22,+/-27,+/-4,+/-21,0
ZCTA5 85626,Estimate,109,53,21,27,9,40,0,10,0,15,0,8,0,0,0,0,292
ZCTA5 85626,Margin of Error,+/-65,+/-38,+/-35,+/-27,+/-14,+/-49,+/-13,+/-16,+/-13,+/-19,+/-13,+/-13,+/-13,+/-13,+/-13,+/-13,0
ZCTA5 85627,Estimate,52,7,11,49,17,27,9,4,9,94,11,14,17,28,4,13,366
ZCTA5 85627,Margin of Error,+/-37,+/-7,+/-11,+/-31,+/-17,+/-25,+/-14,+/-7,+/-10,+/-52,+/-10,+/-17,+/-16,+/-24,+/-6,+/-20,0
ZCTA5 85629,Estimate,165,183,221,215,182,362,297,482,373,1048,1243,1281,637,579,451,159,7878
ZCTA5 85629,Margin of Error,+/-98,+/-79,+/-106,+/-103,+/-101,+/-136,+/-147,+/-186,+/-135,+/-340,+/-239,+/-273,+/-150,+/-203,+/-140,+/-100,0
ZCTA5 85630,Estimate,119,0,116,24,80,30,50,85,48,150,64,105,45,48,16,16,996
ZCTA5 85630,Margin of Error,+/-89,+/-13,+/-101,+/-36,+/-109,+/-33,+/-58,+/-61,+/-57,+/-107,+/-52,+/-66,+/-53,+/-51,+/-27,+/-25,0
ZCTA5 85631,Estimate,84,120,48,128,113,43,60,131,15,95,317,116,66,18,12,11,1377
ZCTA5 85631,Margin of Error,+/-66,+/-87,+/-34,+/-91,+/-70,+/-32,+/-63,+/-65,+/-13,+/-57,+/-119,+/-54,+/-46,+/-21,+/-15,+/-12,0
ZCTA5 85632,Estimate,41,61,53,22,15,25,26,24,26,22,28,39,45,16,6,2,451
ZCTA5 85632,Margin of Error,+/-25,+/-36,+/-33,+/-18,+/-15,+/-14,+/-17,+/-16,+/-16,+/-18,+/-17,+/-17,+/-25,+/-15,+/-6,+/-3,0
ZCTA5 85633,Estimate,0,0,5,6,2,2,0,0,0,0,0,0,0,4,0,0,19
ZCTA5 85633,Margin of Error,+/-13,+/-13,+/-8,+/-8,+/-3,+/-3,+/-13,+/-13,+/-13,+/-13,+/-13,+/-13,+/-13,+/-6,+/-13,+/-13,0
ZCTA5 85634,Estimate,391,114,169,66,126,124,55,42,45,109,71,167,44,16,10,0,1549
ZCTA5 85634,Margin of Error,+/-98,+/-46,+/-53,+/-40,+/-59,+/-68,+/-42,+/-29,+/-35,+/-48,+/-35,+/-67,+/-37,+/-19,+/-15,+/-18,0
ZCTA5 85635,Estimate,1291,788,540,603,870,789,505,663,630,1588,1520,1903,1308,665,620,263,14546
ZCTA5 85635,Margin of Error,+/-262,+/-197,+/-209,+/-174,+/-222,+/-272,+/-161,+/-193,+/-193,+/-304,+/-261,+/-263,+/-282,+/-181,+/-191,+/-116,0
ZCTA5 85637,Estimate,14,6,21,11,29,41,15,21,33,62,75,105,34,54,33,23,577
ZCTA5 85637,Margin of Error,+/-14,+/-7,+/-18,+/-11,+/-29,+/-28,+/-11,+/-20,+/-31,+/-33,+/-34,+/-61,+/-26,+/-36,+/-34,+/-20,0
ZCTA5 85638,Estimate,123,92,74,73,90,44,39,90,40,43,41,97,42,25,14,5,932
ZCTA5 85638,Margin of Error,+/-42,+/-36,+/-34,+/-35,+/-42,+/-30,+/-24,+/-49,+/-24,+/-31,+/-25,+/-45,+/-41,+/-25,+/-16,+/-8,0
ZCTA5 85640,Estimate,28,20,106,20,25,0,11,18,38,23,8,31,0,0,0,0,328
ZCTA5 85640,Margin of Error,+/-46,+/-33,+/-83,+/-28,+/-39,+/-13,+/-16,+/-20,+/-41,+/-39,+/-13,+/-34,+/-13,+/-13,+/-13,+/-13,0
ZCTA5 85641,Estimate,183,178,90,253,159,297,146,213,236,559,824,1542,1272,672,688,413,7725
ZCTA5 85641,Margin of Error,+/-125,+/-94,+/-69,+/-107,+/-71,+/-129,+/-74,+/-100,+/-119,+/-154,+/-205,+/-265,+/-249,+/-153,+/-180,+/-135,0
ZCTA5 85643,Estimate,253,236,202,198,204,231,148,250,137,272,440,280,99,133,41,123,3247
ZCTA5 85643,Margin of Error,+/-94,+/-122,+/-106,+/-79,+/-108,+/-101,+/-92,+/-139,+/-92,+/-100,+/-135,+/-122,+/-52,+/-101,+/-38,+/-125,0
ZCTA5 85645,Estimate,60,37,21,33,19,57,61,33,31,112,35,104,41,36,26,0,706
ZCTA5 85645,Margin of Error,+/-43,+/-38,+/-19,+/-32,+/-21,+/-45,+/-49,+/-31,+/-26,+/-74,+/-35,+/-57,+/-33,+/-30,+/-26,+/-13,0
ZCTA5 85646,Estimate,80,32,28,46,38,13,69,84,9,67,135,28,19,94,72,0,814
ZCTA5 85646,Margin of Error,+/-63,+/-37,+/-36,+/-50,+/-33,+/-20,+/-65,+/-75,+/-16,+/-51,+/-81,+/-32,+/-31,+/-68,+/-57,+/-13,0
ZCTA5 85648,Estimate,173,375,383,277,405,258,326,274,256,804,557,694,355,220,154,80,5591
ZCTA5 85648,Margin of Error,+/-80,+/-175,+/-148,+/-139,+/-167,+/-140,+/-140,+/-136,+/-136,+/-223,+/-203,+/-210,+/-162,+/-136,+/-94,+/-66,0
ZCTA5 85650,Estimate,257,291,141,253,259,262,241,296,101,352,396,744,769,443,490,573,5868
ZCTA5 85650,Margin of Error,+/-120,+/-144,+/-71,+/-117,+/-134,+/-126,+/-107,+/-121,+/-55,+/-130,+/-107,+/-175,+/-183,+/-159,+/-175,+/-190,0
ZCTA5 85653,Estimate,308,278,217,231,276,110,248,160,157,532,664,600,486,198,162,47,4674
ZCTA5 85653,Margin of Error,+/-125,+/-125,+/-105,+/-129,+/-112,+/-71,+/-105,+/-83,+/-88,+/-178,+/-168,+/-163,+/-154,+/-78,+/-84,+/-34,0
ZCTA5 85654,Estimate,55,16,0,0,0,0,0,0,0,0,0,0,13,0,0,0,84
ZCTA5 85654,Margin of Error,+/-83,+/-27,+/-13,+/-13,+/-13,+/-13,+/-13,+/-13,+/-13,+/-13,+/-13,+/-13,+/-20,+/-13,+/-13,+/-13,0
ZCTA5 85658,Estimate,28,48,92,164,122,55,114,59,227,293,529,719,545,301,306,353,3955
ZCTA5 85658,Margin of Error,+/-32,+/-41,+/-85,+/-98,+/-105,+/-41,+/-71,+/-44,+/-97,+/-106,+/-143,+/-165,+/-141,+/-102,+/-139,+/-128,0
ZCTA5 85701,Estimate,493,331,133,69,117,118,174,161,161,173,177,244,83,27,69,84,2614
ZCTA5 85701,Margin of Error,+/-131,+/-127,+/-75,+/-34,+/-55,+/-72,+/-60,+/-102,+/-70,+/-49,+/-59,+/-94,+/-50,+/-20,+/-43,+/-53,0
ZCTA5 85704,Estimate,645,686,658,849,787,963,718,819,546,1119,1479,1497,1147,823,619,582,13937
ZCTA5 85704,Margin of Error,+/-138,+/-167,+/-174,+/-196,+/-163,+/-202,+/-165,+/-184,+/-141,+/-183,+/-203,+/-213,+/-187,+/-129,+/-148,+/-164,0
ZCTA5 85705,Estimate,4342,3147,2421,2244,1889,1401,1366,1082,1005,1406,1377,1285,437,172,117,143,23834
ZCTA5 85705,Margin of Error,+/-483,+/-374,+/-306,+/-326,+/-317,+/-255,+/-227,+/-233,+/-192,+/-240,+/-237,+/-255,+/-140,+/-96,+/-83,+/-60,0
ZCTA5 85706,Estimate,1971,1855,1725,1349,1355,1191,981,900,539,1269,1289,1277,409,245,90,65,16510
ZCTA5 85706,Margin of Error,+/-288,+/-296,+/-226,+/-248,+/-231,+/-211,+/-215,+/-174,+/-124,+/-227,+/-206,+/-209,+/-123,+/-86,+/-61,+/-42,0
ZCTA5 85707,Estimate,0,0,0,0,0,0,0,0,29,0,0,0,0,0,0,0,29
ZCTA5 85707,Margin of Error,+/-13,+/-13,+/-13,+/-13,+/-13,+/-13,+/-13,+/-13,+/-48,+/-13,+/-13,+/-13,+/-13,+/-13,+/-13,+/-13,0
ZCTA5 85708,Estimate,78,25,49,10,87,73,75,66,158,188,159,139,10,55,0,0,1172
ZCTA5 85708,Margin of Error,+/-60,+/-29,+/-52,+/-16,+/-55,+/-35,+/-66,+/-38,+/-98,+/-95,+/-59,+/-73,+/-19,+/-50,+/-13,+/-13,0
ZCTA5 85710,Estimate,1783,1772,1688,1759,1727,1550,1440,1598,1286,1967,2745,2625,1410,701,560,196,24807
ZCTA5 85710,Margin of Error,+/-368,+/-285,+/-331,+/-333,+/-272,+/-256,+/-267,+/-313,+/-219,+/-292,+/-356,+/-370,+/-279,+/-157,+/-152,+/-69,0
ZCTA5 85711,Estimate,1995,1680,1482,1678,1083,769,860,951,750,1093,1424,1403,773,340,315,196,16792
ZCTA5 85711,Margin of Error,+/-316,+/-306,+/-283,+/-289,+/-235,+/-204,+/-225,+/-196,+/-178,+/-230,+/-280,+/-248,+/-182,+/-126,+/-123,+/-91,0
ZCTA5 85712,Estimate,2005,1459,1155,1310,1405,1303,737,701,737,1048,1388,1239,720,305,198,227,15937
ZCTA5 85712,Margin of Error,+/-328,+/-327,+/-239,+/-268,+/-364,+/-254,+/-220,+/-199,+/-217,+/-235,+/-268,+/-229,+/-171,+/-115,+/-74,+/-99,0
ZCTA5 85713,Estimate,1838,1520,1239,1438,1163,1539,1253,984,714,1439,1243,1364,536,236,111,47,16664
ZCTA5 85713,Margin of Error,+/-283,+/-277,+/-225,+/-260,+/-243,+/-266,+/-255,+/-196,+/-184,+/-305,+/-218,+/-247,+/-152,+/-108,+/-72,+/-45,0
ZCTA5 85714,Estimate,667,656,484,555,392,339,418,199,262,194,274,255,39,100,20,0,4854
ZCTA5 85714,Margin of Error,+/-172,+/-191,+/-144,+/-148,+/-126,+/-142,+/-124,+/-75,+/-138,+/-110,+/-94,+/-94,+/-30,+/-77,+/-30,+/-20,0
ZCTA5 85715,Estimate,608,359,437,346,376,323,475,381,422,758,741,1307,739,495,297,307,8371
ZCTA5 85715,Margin of Error,+/-204,+/-137,+/-159,+/-116,+/-99,+/-115,+/-159,+/-143,+/-137,+/-171,+/-203,+/-247,+/-181,+/-125,+/-104,+/-90,0
ZCTA5 85716,Estimate,2033,1616,871,1267,1340,1032,1039,925,606,1114,975,949,807,439,330,334,15677
ZCTA5 85716,Margin of Error,+/-301,+/-314,+/-214,+/-269,+/-283,+/-227,+/-243,+/-192,+/-149,+/-220,+/-204,+/-170,+/-187,+/-117,+/-138,+/-102,0
ZCTA5 85718,Estimate,756,332,434,426,436,497,567,386,405,841,1073,1410,1225,863,1058,2041,12750
ZCTA5 85718,Margin of Error,+/-187,+/-118,+/-134,+/-140,+/-137,+/-123,+/-201,+/-154,+/-167,+/-167,+/-215,+/-250,+/-222,+/-190,+/-162,+/-213,0
ZCTA5 85719,Estimate,3608,1781,1259,1167,986,933,971,780,725,1015,842,1286,609,511,502,290,17265
ZCTA5 85719,Margin of Error,+/-472,+/-308,+/-242,+/-277,+/-224,+/-256,+/-228,+/-193,+/-172,+/-211,+/-193,+/-246,+/-150,+/-164,+/-145,+/-103,0
ZCTA5 85723,Estimate,0,0,0,0,0,0,0,0,0,0,0,0,0,0,0,0,0
ZCTA5 85723,Margin of Error,+/-13,+/-13,+/-13,+/-13,+/-13,+/-13,+/-13,+/-13,+/-13,+/-13,+/-13,+/-13,+/-13,+/-13,+/-13,+/-13,0
ZCTA5 85724,Estimate,0,0,0,0,0,0,0,0,0,0,0,0,0,0,0,0,0
ZCTA5 85724,Margin of Error,+/-13,+/-13,+/-13,+/-13,+/-13,+/-13,+/-13,+/-13,+/-13,+/-13,+/-13,+/-13,+/-13,+/-13,+/-13,+/-13,0
ZCTA5 85726,Estimate,0,0,0,0,0,0,0,0,0,0,0,0,0,0,0,0,0
ZCTA5 85726,Margin of Error,+/-13,+/-13,+/-13,+/-13,+/-13,+/-13,+/-13,+/-13,+/-13,+/-13,+/-13,+/-13,+/-13,+/-13,+/-13,+/-13,0
ZCTA5 85730,Estimate,764,774,965,980,1056,1132,896,845,977,1474,2055,1607,879,476,324,277,15481
ZCTA5 85730,Margin of Error,+/-145,+/-169,+/-220,+/-212,+/-225,+/-207,+/-183,+/-173,+/-194,+/-220,+/-261,+/-267,+/-187,+/-159,+/-104,+/-94,0
ZCTA5 85735,Estimate,311,282,109,281,284,188,129,231,305,345,516,457,231,130,122,17,3938
ZCTA5 85735,Margin of Error,+/-125,+/-165,+/-76,+/-129,+/-137,+/-109,+/-79,+/-118,+/-162,+/-180,+/-174,+/-160,+/-147,+/-91,+/-139,+/-28,0
ZCTA5 85736,Estimate,185,92,203,113,71,101,117,64,107,147,141,246,63,26,25,21,1722
ZCTA5 85736,Margin of Error,+/-89,+/-61,+/-95,+/-100,+/-65,+/-48,+/-103,+/-46,+/-98,+/-69,+/-69,+/-111,+/-60,+/-30,+/-21,+/-30,0
ZCTA5 85737,Estimate,196,142,256,335,139,281,422,429,286,559,1028,1265,1124,796,786,644,8688
ZCTA5 85737,Margin of Error,+/-96,+/-75,+/-112,+/-116,+/-68,+/-123,+/-139,+/-142,+/-107,+/-149,+/-203,+/-199,+/-208,+/-202,+/-186,+/-168,0
ZCTA5 85739,Estimate,414,203,316,367,346,405,281,383,362,729,971,1109,706,521,436,184,7733
ZCTA5 85739,Margin of Error,+/-129,+/-100,+/-142,+/-126,+/-122,+/-131,+/-110,+/-131,+/-149,+/-152,+/-247,+/-207,+/-159,+/-170,+/-133,+/-92,0
ZCTA5 85741,Estimate,804,432,558,549,844,996,795,748,659,1198,1471,2021,1045,442,375,141,13078
ZCTA5 85741,Margin of Error,+/-198,+/-138,+/-162,+/-157,+/-190,+/-251,+/-189,+/-201,+/-172,+/-191,+/-258,+/-300,+/-225,+/-117,+/-141,+/-74,0
ZCTA5 85742,Estimate,210,204,278,386,247,366,496,299,330,919,1316,1682,1227,492,431,380,9263
ZCTA5 85742,Margin of Error,+/-107,+/-107,+/-121,+/-149,+/-90,+/-105,+/-125,+/-93,+/-106,+/-162,+/-216,+/-250,+/-178,+/-131,+/-131,+/-123,0
ZCTA5 85743,Estimate,399,206,332,378,439,681,553,630,295,651,1476,1905,1213,690,561,614,11023
ZCTA5 85743,Margin of Error,+/-143,+/-105,+/-133,+/-166,+/-133,+/-221,+/-170,+/-244,+/-127,+/-185,+/-297,+/-343,+/-253,+/-216,+/-178,+/-209,0
ZCTA5 85745,Estimate,1338,1168,818,731,1025,719,641,722,582,888,1316,1890,1044,798,764,448,14892
ZCTA5 85745,Margin of Error,+/-234,+/-231,+/-165,+/-182,+/-234,+/-153,+/-199,+/-185,+/-155,+/-179,+/-250,+/-239,+/-218,+/-183,+/-159,+/-127,0
ZCTA5 85746,Estimate,1313,753,859,914,865,819,819,1078,798,1130,1543,1278,745,284,188,69,13455
ZCTA5 85746,Margin of Error,+/-236,+/-180,+/-210,+/-218,+/-233,+/-199,+/-185,+/-278,+/-193,+/-181,+/-291,+/-241,+/-173,+/-120,+/-86,+/-45,0
ZCTA5 85747,Estimate,70,65,80,262,243,183,267,312,327,749,1125,1209,1455,852,621,259,8079
ZCTA5 85747,Margin of Error,+/-41,+/-42,+/-47,+/-113,+/-96,+/-73,+/-78,+/-136,+/-125,+/-215,+/-194,+/-195,+/-248,+/-181,+/-150,+/-128,0
ZCTA5 85748,Estimate,242,193,225,229,366,380,287,360,292,757,881,1109,648,553,471,207,7200
ZCTA5 85748,Margin of Error,+/-92,+/-112,+/-107,+/-107,+/-120,+/-120,+/-90,+/-108,+/-105,+/-213,+/-190,+/-220,+/-147,+/-148,+/-131,+/-66,0
ZCTA5 85749,Estimate,203,152,217,251,215,237,197,281,167,577,687,1144,1067,580,741,871,7587
ZCTA5 85749,Margin of Error,+/-76,+/-62,+/-82,+/-91,+/-83,+/-78,+/-66,+/-99,+/-55,+/-139,+/-121,+/-146,+/-158,+/-121,+/-130,+/-145,0
ZCTA5 85750,Estimate,412,287,377,613,531,544,200,469,475,576,1222,1649,886,658,869,1409,11177
ZCTA5 85750,Margin of Error,+/-163,+/-93,+/-104,+/-178,+/-144,+/-178,+/-68,+/-144,+/-148,+/-130,+/-230,+/-275,+/-213,+/-181,+/-178,+/-220,0
ZCTA5 85755,Estimate,212,134,114,240,273,320,244,280,176,466,568,960,842,547,543,596,6515
ZCTA5 85755,Margin of Error,+/-116,+/-100,+/-67,+/-100,+/-124,+/-148,+/-102,+/-94,+/-88,+/-161,+/-139,+/-198,+/-191,+/-164,+/-136,+/-203,0
ZCTA5 85756,Estimate,611,345,721,639,577,582,509,771,553,764,1207,1285,659,324,73,46,9666
ZCTA5 85756,Margin of Error,+/-197,+/-120,+/-181,+/-203,+/-161,+/-134,+/-184,+/-219,+/-154,+/-162,+/-270,+/-252,+/-214,+/-144,+/-73,+/-37,0
ZCTA5 85757,Estimate,356,194,288,328,383,170,295,166,323,684,644,723,481,161,123,24,5343
ZCTA5 85757,Margin of Error,+/-119,+/-80,+/-108,+/-109,+/-115,+/-60,+/-140,+/-88,+/-127,+/-192,+/-162,+/-174,+/-195,+/-85,+/-67,+/-31,0
ZCTA5 85901,Estimate,554,626,379,485,631,350,243,440,274,533,603,832,273,160,111,104,6598
ZCTA5 85901,Margin of Error,+/-130,+/-158,+/-140,+/-142,+/-169,+/-133,+/-128,+/-122,+/-125,+/-149,+/-170,+/-221,+/-118,+/-96,+/-63,+/-68,0
ZCTA5 85911,Estimate,224,8,14,8,76,16,19,13,37,7,0,39,0,0,0,0,461
ZCTA5 85911,Margin of Error,+/-76,+/-13,+/-16,+/-12,+/-35,+/-19,+/-25,+/-15,+/-28,+/-13,+/-13,+/-45,+/-13,+/-13,+/-13,+/-13,0
ZCTA5 85912,Estimate,0,0,0,43,0,0,0,17,17,0,0,0,0,0,0,0,77
ZCTA5 85912,Margin of Error,+/-13,+/-13,+/-13,+/-50,+/-13,+/-13,+/-13,+/-29,+/-28,+/-13,+/-13,+/-13,+/-13,+/-13,+/-13,+/-13,0
ZCTA5 85920,Estimate,18,19,22,10,11,15,6,23,0,18,6,37,19,4,13,0,221
ZCTA5 85920,Margin of Error,+/-20,+/-21,+/-21,+/-12,+/-17,+/-19,+/-11,+/-21,+/-13,+/-14,+/-10,+/-24,+/-21,+/-7,+/-16,+/-13,0
ZCTA5 85922,Estimate,2,10,0,0,0,6,0,0,0,2,0,1,4,0,0,5,30
ZCTA5 85922,Margin of Error,+/-4,+/-10,+/-13,+/-13,+/-13,+/-8,+/-13,+/-13,+/-13,+/-4,+/-13,+/-3,+/-7,+/-13,+/-13,+/-8,0
ZCTA5 85923,Estimate,28,86,0,0,0,0,17,31,0,0,13,15,12,0,0,0,202
ZCTA5 85923,Margin of Error,+/-30,+/-59,+/-13,+/-13,+/-13,+/-13,+/-27,+/-50,+/-13,+/-13,+/-21,+/-24,+/-19,+/-13,+/-13,+/-13,0
ZCTA5 85924,Estimate,102,44,155,69,50,108,55,111,47,41,83,101,56,0,13,0,1035
ZCTA5 85924,Margin of Error,+/-50,+/-24,+/-80,+/-41,+/-45,+/-60,+/-45,+/-64,+/-43,+/-28,+/-59,+/-61,+/-47,+/-13,+/-20,+/-13,0
ZCTA5 85925,Estimate,36,77,97,37,79,85,128,40,87,215,105,167,101,66,96,0,1416
ZCTA5 85925,Margin of Error,+/-40,+/-50,+/-81,+/-46,+/-52,+/-67,+/-94,+/-49,+/-66,+/-105,+/-66,+/-81,+/-70,+/-72,+/-65,+/-13,0
ZCTA5 85926,Estimate,11,0,0,5,0,6,5,0,0,10,7,0,5,12,0,0,61
ZCTA5 85926,Margin of Error,+/-12,+/-13,+/-13,+/-9,+/-13,+/-10,+/-8,+/-13,+/-13,+/-10,+/-10,+/-13,+/-9,+/-13,+/-13,+/-13,0
ZCTA5 85927,Estimate,0,0,0,0,0,12,1,14,0,0,8,0,0,0,0,0,35
ZCTA5 85927,Margin of Error,+/-13,+/-13,+/-13,+/-13,+/-13,+/-18,+/-2,+/-22,+/-13,+/-13,+/-13,+/-13,+/-13,+/-13,+/-13,+/-13,0
ZCTA5 85928,Estimate,42,44,72,45,117,63,0,38,0,0,14,22,0,0,0,0,457
ZCTA5 85928,Margin of Error,+/-49,+/-65,+/-48,+/-40,+/-99,+/-74,+/-13,+/-42,+/-13,+/-13,+/-24,+/-30,+/-13,+/-13,+/-13,+/-13,0
ZCTA5 85929,Estimate,376,116,174,170,195,290,104,160,107,178,476,269,174,112,109,66,3076
ZCTA5 85929,Margin of Error,+/-139,+/-84,+/-89,+/-110,+/-113,+/-124,+/-67,+/-74,+/-71,+/-89,+/-147,+/-116,+/-113,+/-87,+/-77,+/-62,0
ZCTA5 85930,Estimate,12,12,15,34,17,8,19,10,13,27,24,44,0,0,4,0,239
ZCTA5 85930,Margin of Error,+/-8,+/-11,+/-15,+/-18,+/-16,+/-7,+/-19,+/-8,+/-17,+/-22,+/-25,+/-24,+/-13,+/-13,+/-5,+/-13,0
ZCTA5 85931,Estimate,10,7,0,2,18,21,7,0,8,0,8,7,0,0,0,10,98
ZCTA5 85931,Margin of Error,+/-16,+/-11,+/-13,+/-4,+/-20,+/-20,+/-10,+/-13,+/-11,+/-13,+/-13,+/-11,+/-13,+/-13,+/-13,+/-16,0
ZCTA5 85932,Estimate,31,0,0,24,60,0,0,0,0,36,37,0,0,0,0,14,202
ZCTA5 85932,Margin of Error,+/-45,+/-13,+/-13,+/-36,+/-70,+/-13,+/-13,+/-13,+/-13,+/-29,+/-56,+/-13,+/-13,+/-13,+/-13,+/-22,0
ZCTA5 85933,Estimate,136,131,57,53,47,44,38,6,28,128,121,93,44,22,0,13,961
ZCTA5 85933,Margin of Error,+/-77,+/-91,+/-46,+/-48,+/-42,+/-43,+/-42,+/-9,+/-28,+/-90,+/-98,+/-60,+/-42,+/-27,+/-13,+/-2,0
ZCTA5 85934,Estimate,11,0,35,0,26,0,20,0,0,30,14,32,0,19,0,0,187
ZCTA5 85934,Margin of Error,+/-17,+/-13,+/-54,+/-13,+/-40,+/-13,+/-25,+/-13,+/-13,+/-34,+/-22,+/-33,+/-13,+/-22,+/-13,+/-13,0
ZCTA5 85935,Estimate,174,49,48,96,74,107,87,102,73,184,442,283,161,83,103,97,2163
ZCTA5 85935,Margin of Error,+/-97,+/-54,+/-41,+/-81,+/-54,+/-72,+/-52,+/-51,+/-54,+/-95,+/-155,+/-113,+/-81,+/-59,+/-60,+/-69,0
ZCTA5 85936,Estimate,132,54,151,64,179,118,86,153,0,94,91,133,112,51,28,6,1452
ZCTA5 85936,Margin of Error,+/-88,+/-67,+/-100,+/-52,+/-101,+/-91,+/-61,+/-87,+/-13,+/-61,+/-98,+/-82,+/-89,+/-65,+/-28,+/-9,0
ZCTA5 85937,Estimate,265,89,174,122,85,163,87,59,171,266,409,313,119,185,18,0,2525
ZCTA5 85937,Margin of Error,+/-136,+/-74,+/-90,+/-95,+/-63,+/-97,+/-61,+/-69,+/-125,+/-116,+/-156,+/-123,+/-88,+/-113,+/-29,+/-18,0
ZCTA5 85938,Estimate,71,138,70,17,32,11,54,34,16,91,53,124,28,24,6,8,777
ZCTA5 85938,Margin of Error,+/-35,+/-94,+/-33,+/-17,+/-28,+/-11,+/-35,+/-25,+/-18,+/-54,+/-31,+/-58,+/-23,+/-22,+/-9,+/-9,0
ZCTA5 85939,Estimate,82,95,25,43,58,46,77,52,83,290,232,241,49,38,20,52,1483
ZCTA5 85939,Margin of Error,+/-53,+/-66,+/-27,+/-41,+/-54,+/-45,+/-54,+/-49,+/-59,+/-113,+/-78,+/-72,+/-36,+/-37,+/-22,+/-47,0
ZCTA5 85940,Estimate,53,28,26,34,8,4,36,11,25,100,19,37,40,5,10,5,441
ZCTA5 85940,Margin of Error,+/-32,+/-22,+/-23,+/-27,+/-13,+/-7,+/-26,+/-13,+/-28,+/-61,+/-17,+/-30,+/-33,+/-9,+/-15,+/-9,0
ZCTA5 85941,Estimate,588,151,258,200,151,148,206,81,137,166,202,101,83,7,50,7,2536
ZCTA5 85941,Margin of Error,+/-118,+/-61,+/-71,+/-53,+/-63,+/-74,+/-70,+/-51,+/-67,+/-53,+/-79,+/-48,+/-52,+/-12,+/-48,+/-12,0
ZCTA5 85942,Estimate,0,0,0,0,0,37,0,0,0,0,0,0,0,0,0,0,37
ZCTA5 85942,Margin of Error,+/-13,+/-13,+/-13,+/-13,+/-13,+/-61,+/-13,+/-13,+/-13,+/-13,+/-13,+/-13,+/-13,+/-13,+/-13,+/-13,0
ZCTA5 86001,Estimate,1996,1173,949,903,836,898,658,782,705,1162,1515,1998,1158,780,690,630,16833
ZCTA5 86001,Margin of Error,+/-311,+/-286,+/-242,+/-193,+/-196,+/-215,+/-178,+/-181,+/-193,+/-229,+/-311,+/-311,+/-208,+/-167,+/-153,+/-191,0
ZCTA5 86003,Estimate,0,0,0,0,0,0,0,0,0,0,0,0,0,0,0,0,0
ZCTA5 86003,Margin of Error,+/-13,+/-13,+/-13,+/-13,+/-13,+/-13,+/-13,+/-13,+/-13,+/-13,+/-13,+/-13,+/-13,+/-13,+/-13,+/-13,0
ZCTA5 86004,Estimate,653,561,497,623,689,625,767,488,514,1294,1224,1984,1256,766,843,555,13339
ZCTA5 86004,Margin of Error,+/-187,+/-171,+/-171,+/-186,+/-205,+/-171,+/-231,+/-184,+/-151,+/-255,+/-194,+/-333,+/-217,+/-165,+/-176,+/-146,0
ZCTA5 86011,Estimate,42,12,0,32,0,0,0,23,0,0,0,0,0,0,0,0,109
ZCTA5 86011,Margin of Error,+/-48,+/-19,+/-18,+/-40,+/-18,+/-18,+/-18,+/-5,+/-18,+/-18,+/-18,+/-18,+/-18,+/-18,+/-18,+/-18,0
ZCTA5 86015,Estimate,0,0,0,0,0,0,0,0,0,0,44,48,0,0,0,0,92
ZCTA5 86015,Margin of Error,+/-13,+/-13,+/-13,+/-13,+/-13,+/-13,+/-13,+/-13,+/-13,+/-13,+/-71,+/-74,+/-13,+/-13,+/-13,+/-13,0
ZCTA5 86016,Estimate,10,4,0,8,4,4,0,0,0,0,0,0,0,0,0,0,30
ZCTA5 86016,Margin of Error,+/-8,+/-6,+/-13,+/-9,+/-6,+/-6,+/-13,+/-13,+/-13,+/-13,+/-13,+/-13,+/-13,+/-13,+/-13,+/-13,0
ZCTA5 86017,Estimate,10,36,0,22,52,46,0,0,0,21,26,51,34,0,26,0,324
ZCTA5 86017,Margin of Error,+/-14,+/-43,+/-13,+/-35,+/-58,+/-52,+/-13,+/-13,+/-13,+/-24,+/-42,+/-59,+/-39,+/-13,+/-40,+/-13,0
ZCTA5 86018,Estimate,33,6,12,0,10,50,17,25,10,10,41,36,7,26,0,4,287
ZCTA5 86018,Margin of Error,+/-31,+/-9,+/-20,+/-13,+/-15,+/-39,+/-23,+/-28,+/-16,+/-15,+/-35,+/-22,+/-11,+/-25,+/-13,+/-6,0
ZCTA5 86020,Estimate,141,55,66,18,25,31,31,57,28,41,44,37,24,0,13,5,616
ZCTA5 86020,Margin of Error,+/-36,+/-24,+/-21,+/-11,+/-18,+/-21,+/-17,+/-52,+/-22,+/-32,+/-21,+/-17,+/-15,+/-13,+/-12,+/-8,0
ZCTA5 86021,Estimate,148,41,39,65,69,52,24,54,46,21,58,55,40,0,42,10,764
ZCTA5 86021,Margin of Error,+/-57,+/-30,+/-29,+/-44,+/-44,+/-32,+/-17,+/-33,+/-32,+/-23,+/-32,+/-31,+/-32,+/-18,+/-37,+/-17,0
ZCTA5 86022,Estimate,52,60,64,78,57,22,61,33,57,72,150,129,36,7,9,0,887
ZCTA5 86022,Margin of Error,+/-51,+/-38,+/-38,+/-39,+/-33,+/-18,+/-40,+/-27,+/-41,+/-47,+/-74,+/-51,+/-23,+/-7,+/-15,+/-13,0
ZCTA5 86023,Estimate,0,44,169,17,64,48,0,20,58,5,53,14,51,21,0,5,569
ZCTA5 86023,Margin of Error,+/-13,+/-59,+/-114,+/-19,+/-68,+/-56,+/-13,+/-30,+/-68,+/-8,+/-81,+/-15,+/-44,+/-22,+/-13,+/-8,0
ZCTA5 86024,Estimate,22,17,10,3,3,15,16,19,0,4,22,66,35,13,4,2,251
ZCTA5 86024,Margin of Error,+/-22,+/-20,+/-12,+/-5,+/-4,+/-13,+/-22,+/-18,+/-13,+/-5,+/-16,+/-40,+/-31,+/-21,+/-5,+/-3,0
ZCTA5 86025,Estimate,203,136,67,114,140,127,82,54,24,210,201,212,213,57,24,12,1876
ZCTA5 86025,Margin of Error,+/-72,+/-62,+/-47,+/-64,+/-75,+/-64,+/-51,+/-43,+/-26,+/-81,+/-89,+/-83,+/-74,+/-40,+/-32,+/-19,0
ZCTA5 86028,Estimate,0,0,0,0,0,0,0,0,0,0,0,0,0,0,0,0,0
ZCTA5 86028,Margin of Error,+/-13,+/-13,+/-13,+/-13,+/-13,+/-13,+/-13,+/-13,+/-13,+/-13,+/-13,+/-13,+/-13,+/-13,+/-13,+/-13,0
ZCTA5 86029,Estimate,34,82,0,0,9,0,0,10,0,0,0,0,0,0,0,0,135
ZCTA5 86029,Margin of Error,+/-55,+/-55,+/-13,+/-13,+/-14,+/-13,+/-13,+/-11,+/-13,+/-13,+/-13,+/-13,+/-13,+/-13,+/-13,+/-13,0
ZCTA5 86030,Estimate,62,28,16,16,20,76,50,38,17,48,52,29,0,2,19,0,473
ZCTA5 86030,Margin of Error,+/-31,+/-19,+/-25,+/-13,+/-20,+/-51,+/-39,+/-26,+/-16,+/-32,+/-39,+/-17,+/-13,+/-3,+/-15,+/-13,0
ZCTA5 86031,Estimate,184,91,27,39,19,56,29,27,31,14,8,13,5,2,3,0,548
ZCTA5 86031,Margin of Error,+/-34,+/-23,+/-14,+/-16,+/-11,+/-25,+/-14,+/-13,+/-17,+/-8,+/-8,+/-12,+/-6,+/-4,+/-4,+/-13,0
ZCTA5 86032,Estimate,34,7,24,23,30,20,14,30,17,61,46,29,24,16,12,0,387
ZCTA5 86032,Margin of Error,+/-27,+/-11,+/-21,+/-27,+/-28,+/-19,+/-13,+/-19,+/-17,+/-32,+/-37,+/-25,+/-20,+/-13,+/-14,+/-13,0
ZCTA5 86033,Estimate,602,161,142,266,106,64,139,66,31,124,102,101,92,10,2,15,2023
ZCTA5 86033,Margin of Error,+/-120,+/-53,+/-53,+/-85,+/-42,+/-34,+/-64,+/-34,+/-25,+/-68,+/-43,+/-49,+/-42,+/-15,+/-3,+/-19,0
ZCTA5 86034,Estimate,149,55,53,49,32,17,12,45,18,42,28,33,2,5,0,0,540
ZCTA5 86034,Margin of Error,+/-34,+/-22,+/-18,+/-21,+/-16,+/-12,+/-10,+/-29,+/-15,+/-31,+/-20,+/-22,+/-4,+/-8,+/-13,+/-13,0
ZCTA5 86035,Estimate,75,44,38,62,56,29,24,24,41,30,39,48,13,0,4,0,527
ZCTA5 86035,Margin of Error,+/-23,+/-20,+/-17,+/-24,+/-24,+/-15,+/-13,+/-14,+/-18,+/-15,+/-21,+/-19,+/-8,+/-13,+/-6,+/-13,0
ZCTA5 86036,Estimate,42,0,15,26,23,3,14,19,0,0,30,4,0,0,0,0,176
ZCTA5 86036,Margin of Error,+/-43,+/-13,+/-21,+/-14,+/-29,+/-6,+/-21,+/-31,+/-13,+/-13,+/-32,+/-7,+/-13,+/-13,+/-13,+/-13,0
ZCTA5 86038,Estimate,0,0,0,0,0,0,0,7,0,0,0,0,0,0,0,0,7
ZCTA5 86038,Margin of Error,+/-13,+/-13,+/-13,+/-13,+/-13,+/-13,+/-13,+/-11,+/-13,+/-13,+/-13,+/-13,+/-13,+/-13,+/-13,+/-13,0
ZCTA5 86039,Estimate,123,73,29,23,25,23,31,26,23,17,22,9,10,4,0,0,438
ZCTA5 86039,Margin of Error,+/-36,+/-37,+/-16,+/-19,+/-18,+/-21,+/-29,+/-16,+/-27,+/-24,+/-16,+/-9,+/-8,+/-4,+/-13,+/-13,0
ZCTA5 86040,Estimate,216,141,156,66,132,153,230,274,132,229,256,436,275,175,36,131,3038
ZCTA5 86040,Margin of Error,+/-78,+/-86,+/-83,+/-45,+/-73,+/-79,+/-122,+/-133,+/-85,+/-108,+/-99,+/-150,+/-125,+/-76,+/-31,+/-68,0
ZCTA5 86042,Estimate,102,34,35,54,14,15,22,8,9,74,32,23,39,9,23,15,508
ZCTA5 86042,Margin of Error,+/-47,+/-31,+/-25,+/-36,+/-23,+/-16,+/-21,+/-13,+/-14,+/-40,+/-24,+/-25,+/-34,+/-13,+/-24,+/-23,0
ZCTA5 86043,Estimate,69,51,40,17,16,27,21,55,12,36,40,26,8,0,0,5,423
ZCTA5 86043,Margin of Error,+/-43,+/-31,+/-32,+/-17,+/-17,+/-24,+/-19,+/-39,+/-13,+/-27,+/-31,+/-24,+/-12,+/-13,+/-13,+/-8,0
ZCTA5 86044,Estimate,313,90,90,64,67,67,34,39,33,77,57,86,43,3,9,5,1077
ZCTA5 86044,Margin of Error,+/-54,+/-28,+/-30,+/-27,+/-26,+/-24,+/-18,+/-20,+/-16,+/-27,+/-25,+/-28,+/-19,+/-4,+/-10,+/-5,0
ZCTA5 86045,Estimate,428,131,253,119,136,194,148,107,197,270,235,466,210,86,115,21,3116
ZCTA5 86045,Margin of Error,+/-84,+/-49,+/-71,+/-57,+/-65,+/-73,+/-86,+/-56,+/-106,+/-106,+/-84,+/-121,+/-83,+/-44,+/-68,+/-24,0
ZCTA5 86046,Estimate,318,152,104,190,110,144,126,112,120,237,262,371,98,92,107,31,2574
ZCTA5 86046,Margin of Error,+/-123,+/-84,+/-76,+/-82,+/-62,+/-102,+/-82,+/-48,+/-74,+/-92,+/-101,+/-95,+/-56,+/-66,+/-57,+/-25,0
ZCTA5 86047,Estimate,696,384,323,285,286,202,235,272,128,276,394,371,173,104,73,87,4289
ZCTA5 86047,Margin of Error,+/-128,+/-105,+/-96,+/-85,+/-75,+/-62,+/-79,+/-83,+/-59,+/-93,+/-111,+/-115,+/-79,+/-60,+/-64,+/-46,0
ZCTA5 86052,Estimate,0,8,0,0,0,8,0,0,0,0,0,0,0,0,0,0,16
ZCTA5 86052,Margin of Error,+/-13,+/-13,+/-13,+/-13,+/-13,+/-10,+/-13,+/-13,+/-13,+/-13,+/-13,+/-13,+/-13,+/-13,+/-13,+/-13,0
ZCTA5 86053,Estimate,133,35,26,47,57,43,21,6,28,32,38,41,23,32,5,0,567
ZCTA5 86053,Margin of Error,+/-34,+/-19,+/-15,+/-19,+/-28,+/-22,+/-14,+/-7,+/-16,+/-15,+/-17,+/-21,+/-13,+/-24,+/-7,+/-13,0
ZCTA5 86054,Estimate,98,30,39,58,17,32,20,30,8,25,59,44,11,0,11,0,482
ZCTA5 86054,Margin of Error,+/-30,+/-16,+/-18,+/-21,+/-13,+/-17,+/-15,+/-15,+/-9,+/-14,+/-22,+/-17,+/-10,+/-13,+/-9,+/-13,0
ZCTA5 86301,Estimate,648,673,637,742,586,403,403,693,442,1168,1055,904,583,255,237,226,9655
ZCTA5 86301,Margin of Error,+/-191,+/-210,+/-192,+/-229,+/-174,+/-183,+/-154,+/-190,+/-139,+/-241,+/-254,+/-218,+/-226,+/-93,+/-98,+/-111,0
ZCTA5 86303,Estimate,578,596,628,368,553,465,581,348,340,738,930,682,608,402,285,228,8330
ZCTA5 86303,Margin of Error,+/-157,+/-147,+/-169,+/-119,+/-165,+/-148,+/-165,+/-108,+/-107,+/-192,+/-220,+/-159,+/-162,+/-121,+/-136,+/-100,0
ZCTA5 86305,Estimate,605,307,330,469,385,410,286,358,551,392,896,1074,940,279,356,348,7986
ZCTA5 86305,Margin of Error,+/-165,+/-125,+/-125,+/-138,+/-139,+/-147,+/-103,+/-129,+/-179,+/-133,+/-226,+/-238,+/-210,+/-108,+/-131,+/-140,0
ZCTA5 86313,Estimate,0,0,0,0,0,0,0,0,0,0,0,0,0,0,0,0,0
ZCTA5 86313,Margin of Error,+/-13,+/-13,+/-13,+/-13,+/-13,+/-13,+/-13,+/-13,+/-13,+/-13,+/-13,+/-13,+/-13,+/-13,+/-13,+/-13,0
ZCTA5 86314,Estimate,1118,824,906,1095,923,974,858,1035,652,1188,1501,1454,535,135,183,153,13534
ZCTA5 86314,Margin of Error,+/-259,+/-201,+/-233,+/-218,+/-237,+/-267,+/-203,+/-289,+/-193,+/-254,+/-330,+/-266,+/-160,+/-76,+/-94,+/-83,0
ZCTA5 86315,Estimate,55,26,115,114,37,196,58,254,112,461,315,451,226,35,162,0,2617
ZCTA5 86315,Margin of Error,+/-52,+/-41,+/-124,+/-85,+/-46,+/-111,+/-46,+/-158,+/-117,+/-184,+/-119,+/-163,+/-111,+/-35,+/-102,+/-18,0
ZCTA5 86320,Estimate,152,79,94,65,92,78,27,83,0,46,55,30,5,0,0,0,806
ZCTA5 86320,Margin of Error,+/-64,+/-69,+/-44,+/-58,+/-69,+/-49,+/-27,+/-52,+/-13,+/-30,+/-37,+/-36,+/-8,+/-13,+/-13,+/-13,0
ZCTA5 86321,Estimate,22,4,20,8,54,23,11,62,35,102,177,115,104,68,34,6,845
ZCTA5 86321,Margin of Error,+/-32,+/-6,+/-24,+/-12,+/-42,+/-27,+/-18,+/-38,+/-33,+/-55,+/-67,+/-53,+/-54,+/-47,+/-33,+/-8,0
ZCTA5 86322,Estimate,497,365,437,212,312,303,232,324,246,380,335,418,131,150,45,45,4432
ZCTA5 86322,Margin of Error,+/-235,+/-176,+/-213,+/-92,+/-141,+/-142,+/-164,+/-150,+/-124,+/-205,+/-120,+/-153,+/-70,+/-103,+/-36,+/-42,0
ZCTA5 86323,Estimate,376,490,507,502,406,295,377,630,335,631,753,717,374,160,129,67,6749
ZCTA5 86323,Margin of Error,+/-182,+/-198,+/-198,+/-195,+/-181,+/-145,+/-147,+/-175,+/-143,+/-216,+/-226,+/-207,+/-154,+/-102,+/-63,+/-70,0
ZCTA5 86324,Estimate,12,105,195,125,107,115,144,86,118,151,259,151,73,77,42,46,1806
ZCTA5 86324,Margin of Error,+/-11,+/-73,+/-145,+/-106,+/-79,+/-108,+/-154,+/-62,+/-81,+/-107,+/-139,+/-118,+/-60,+/-57,+/-57,+/-55,0
ZCTA5 86325,Estimate,164,172,76,181,154,161,143,145,58,132,298,299,192,110,18,0,2303
ZCTA5 86325,Margin of Error,+/-114,+/-113,+/-100,+/-113,+/-131,+/-115,+/-84,+/-106,+/-58,+/-97,+/-122,+/-144,+/-105,+/-98,+/-30,+/-13,0
ZCTA5 86326,Estimate,912,625,629,816,886,686,576,591,474,526,1035,1085,473,137,330,102,9883
ZCTA5 86326,Margin of Error,+/-281,+/-216,+/-186,+/-230,+/-221,+/-228,+/-165,+/-195,+/-190,+/-169,+/-252,+/-278,+/-183,+/-74,+/-173,+/-65,0
ZCTA5 86327,Estimate,137,287,269,256,145,275,373,222,142,580,465,535,181,235,101,40,4243
ZCTA5 86327,Margin of Error,+/-77,+/-160,+/-162,+/-121,+/-68,+/-117,+/-177,+/-114,+/-91,+/-178,+/-183,+/-195,+/-103,+/-130,+/-69,+/-46,0
ZCTA5 86329,Estimate,26,27,0,0,0,77,0,35,149,0,0,12,0,42,0,0,368
ZCTA5 86329,Margin of Error,+/-40,+/-44,+/-13,+/-13,+/-13,+/-84,+/-13,+/-56,+/-107,+/-13,+/-13,+/-19,+/-13,+/-69,+/-13,+/-13,0
ZCTA5 86331,Estimate,21,110,0,41,88,7,0,13,22,22,15,21,4,8,0,12,384
ZCTA5 86331,Margin of Error,+/-20,+/-132,+/-13,+/-28,+/-121,+/-11,+/-13,+/-14,+/-28,+/-20,+/-17,+/-18,+/-6,+/-12,+/-13,+/-15,0
ZCTA5 86332,Estimate,44,38,67,57,87,79,68,33,33,39,93,63,63,6,19,12,801
ZCTA5 86332,Margin of Error,+/-30,+/-22,+/-35,+/-27,+/-39,+/-35,+/-37,+/-20,+/-24,+/-23,+/-42,+/-30,+/-35,+/-7,+/-21,+/-10,0
ZCTA5 86333,Estimate,254,130,326,172,195,125,156,141,228,226,252,181,87,10,58,0,2541
ZCTA5 86333,Margin of Error,+/-109,+/-97,+/-161,+/-100,+/-118,+/-73,+/-96,+/-75,+/-140,+/-98,+/-150,+/-86,+/-62,+/-17,+/-75,+/-18,0
ZCTA5 86334,Estimate,205,150,139,102,44,133,22,80,102,285,104,140,39,94,11,35,1685
ZCTA5 86334,Margin of Error,+/-92,+/-123,+/-112,+/-124,+/-42,+/-108,+/-31,+/-69,+/-106,+/-163,+/-91,+/-96,+/-41,+/-106,+/-25,+/-41,0
ZCTA5 86335,Estimate,272,110,72,213,157,123,186,54,110,289,279,182,191,26,68,0,2332
ZCTA5 86335,Margin of Error,+/-200,+/-98,+/-38,+/-139,+/-89,+/-96,+/-136,+/-48,+/-88,+/-229,+/-158,+/-114,+/-106,+/-26,+/-81,+/-18,0
ZCTA5 86336,Estimate,242,405,324,341,390,292,322,257,291,505,496,526,427,145,262,478,5703
ZCTA5 86336,Margin of Error,+/-76,+/-162,+/-164,+/-142,+/-135,+/-115,+/-131,+/-126,+/-103,+/-159,+/-159,+/-150,+/-132,+/-77,+/-121,+/-133,0
ZCTA5 86337,Estimate,76,94,44,16,11,29,39,0,37,21,26,52,19,13,18,0,495
ZCTA5 86337,Margin of Error,+/-44,+/-43,+/-30,+/-14,+/-13,+/-29,+/-31,+/-13,+/-33,+/-21,+/-19,+/-36,+/-23,+/-20,+/-16,+/-13,0
ZCTA5 86338,Estimate,19,0,8,0,69,17,24,0,15,14,41,10,8,8,6,10,249
ZCTA5 86338,Margin of Error,+/-20,+/-13,+/-14,+/-13,+/-36,+/-20,+/-23,+/-13,+/-19,+/-17,+/-26,+/-13,+/-13,+/-12,+/-11,+/-15,0
ZCTA5 86343,Estimate,6,11,5,0,0,2,10,2,0,1,6,0,2,2,13,2,62
ZCTA5 86343,Margin of Error,+/-6,+/-15,+/-5,+/-13,+/-13,+/-5,+/-12,+/-3,+/-13,+/-3,+/-8,+/-13,+/-3,+/-3,+/-12,+/-4,0
ZCTA5 86351,Estimate,161,189,235,73,126,136,270,110,216,155,370,522,384,54,160,115,3276
ZCTA5 86351,Margin of Error,+/-102,+/-120,+/-125,+/-52,+/-66,+/-83,+/-112,+/-66,+/-110,+/-112,+/-129,+/-205,+/-123,+/-47,+/-101,+/-72,0
ZCTA5 86401,Estimate,568,571,826,607,748,475,605,507,377,1115,1219,808,535,192,151,194,9498
ZCTA5 86401,Margin of Error,+/-165,+/-192,+/-233,+/-198,+/-203,+/-138,+/-196,+/-170,+/-105,+/-278,+/-261,+/-220,+/-159,+/-97,+/-81,+/-86,0
ZCTA5 86403,Estimate,522,380,339,721,547,522,416,534,244,629,468,598,299,149,48,92,6508
ZCTA5 86403,Margin of Error,+/-167,+/-120,+/-141,+/-181,+/-171,+/-187,+/-121,+/-142,+/-108,+/-173,+/-151,+/-140,+/-105,+/-87,+/-48,+/-54,0
ZCTA5 86404,Estimate,578,376,563,417,677,456,445,500,293,630,931,622,273,129,269,106,7265
ZCTA5 86404,Margin of Error,+/-173,+/-122,+/-133,+/-166,+/-210,+/-180,+/-138,+/-131,+/-108,+/-184,+/-213,+/-154,+/-131,+/-70,+/-99,+/-47,0
ZCTA5 86406,Estimate,658,408,410,544,795,766,774,863,505,1093,931,1205,617,386,268,205,10428
ZCTA5 86406,Margin of Error,+/-197,+/-154,+/-159,+/-182,+/-246,+/-202,+/-195,+/-227,+/-162,+/-218,+/-231,+/-259,+/-178,+/-141,+/-144,+/-91,0
ZCTA5 86409,Estimate,946,1183,1297,806,866,646,457,510,430,829,790,949,420,200,117,39,10485
ZCTA5 86409,Margin of Error,+/-226,+/-267,+/-243,+/-205,+/-223,+/-173,+/-143,+/-141,+/-161,+/-237,+/-197,+/-185,+/-176,+/-90,+/-79,+/-34,0
ZCTA5 86411,Estimate,8,3,0,0,3,17,12,0,17,9,4,4,14,0,0,5,96
ZCTA5 86411,Margin of Error,+/-10,+/-6,+/-13,+/-13,+/-6,+/-16,+/-19,+/-13,+/-16,+/-10,+/-6,+/-7,+/-16,+/-13,+/-13,+/-8,0
ZCTA5 86413,Estimate,624,355,471,272,228,504,286,310,348,531,261,291,91,0,18,14,4604
ZCTA5 86413,Margin of Error,+/-178,+/-137,+/-173,+/-112,+/-135,+/-175,+/-121,+/-144,+/-141,+/-183,+/-125,+/-130,+/-71,+/-20,+/-30,+/-23,0
ZCTA5 86426,Estimate,240,375,411,739,414,286,286,413,219,583,463,802,231,121,124,92,5799
ZCTA5 86426,Margin of Error,+/-119,+/-164,+/-162,+/-265,+/-136,+/-106,+/-120,+/-159,+/-110,+/-199,+/-132,+/-197,+/-132,+/-82,+/-107,+/-69,0
ZCTA5 86429,Estimate,329,183,268,275,174,226,172,199,89,295,437,219,204,84,55,109,3318
ZCTA5 86429,Margin of Error,+/-138,+/-78,+/-104,+/-119,+/-63,+/-97,+/-87,+/-98,+/-46,+/-123,+/-160,+/-95,+/-95,+/-47,+/-52,+/-113,0
ZCTA5 86431,Estimate,15,59,21,18,12,11,20,0,0,0,5,6,0,0,0,0,167
ZCTA5 86431,Margin of Error,+/-14,+/-54,+/-28,+/-15,+/-14,+/-13,+/-26,+/-13,+/-13,+/-13,+/-7,+/-9,+/-13,+/-13,+/-13,+/-13,0
ZCTA5 86432,Estimate,111,37,116,135,47,144,98,62,6,151,16,201,63,36,0,0,1223
ZCTA5 86432,Margin of Error,+/-115,+/-36,+/-109,+/-124,+/-32,+/-118,+/-108,+/-45,+/-9,+/-107,+/-19,+/-142,+/-69,+/-57,+/-13,+/-13,0
ZCTA5 86433,Estimate,54,0,0,16,0,0,0,19,0,0,0,0,0,0,0,0,89
ZCTA5 86433,Margin of Error,+/-84,+/-13,+/-13,+/-24,+/-13,+/-13,+/-13,+/-30,+/-13,+/-13,+/-13,+/-13,+/-13,+/-13,+/-13,+/-13,0
ZCTA5 86434,Estimate,40,36,39,11,11,28,17,19,17,35,31,20,20,11,0,5,340
ZCTA5 86434,Margin of Error,+/-18,+/-18,+/-16,+/-14,+/-8,+/-15,+/-13,+/-13,+/-15,+/-21,+/-19,+/-11,+/-12,+/-8,+/-13,+/-8,0
ZCTA5 86435,Estimate,2,2,2,0,0,3,8,5,4,5,6,6,0,0,0,0,43
ZCTA5 86435,Margin of Error,+/-4,+/-5,+/-3,+/-13,+/-13,+/-5,+/-10,+/-8,+/-7,+/-7,+/-6,+/-9,+/-13,+/-13,+/-13,+/-13,0
ZCTA5 86436,Estimate,112,77,92,57,25,64,41,94,61,15,152,13,0,0,0,0,803
ZCTA5 86436,Margin of Error,+/-118,+/-95,+/-98,+/-67,+/-38,+/-105,+/-66,+/-87,+/-65,+/-24,+/-139,+/-21,+/-13,+/-13,+/-13,+/-13,0
ZCTA5 86437,Estimate,2,2,2,2,0,5,0,0,0,2,2,4,2,0,0,0,23
ZCTA5 86437,Margin of Error,+/-4,+/-3,+/-4,+/-3,+/-13,+/-7,+/-13,+/-13,+/-13,+/-3,+/-4,+/-6,+/-3,+/-13,+/-13,+/-13,0
ZCTA5 86438,Estimate,56,32,34,27,27,116,17,2,49,10,10,13,19,14,0,0,426
ZCTA5 86438,Margin of Error,+/-44,+/-30,+/-39,+/-21,+/-28,+/-110,+/-19,+/-5,+/-67,+/-12,+/-15,+/-15,+/-21,+/-16,+/-13,+/-13,0
ZCTA5 86440,Estimate,229,165,173,210,189,319,128,205,176,154,246,207,195,92,78,38,2804
ZCTA5 86440,Margin of Error,+/-127,+/-96,+/-86,+/-86,+/-75,+/-152,+/-61,+/-119,+/-84,+/-73,+/-113,+/-100,+/-111,+/-71,+/-65,+/-34,0
ZCTA5 86441,Estimate,230,30,233,67,84,102,97,0,36,104,35,45,34,0,0,0,1097
ZCTA5 86441,Margin of Error,+/-156,+/-38,+/-125,+/-76,+/-96,+/-94,+/-83,+/-13,+/-63,+/-87,+/-54,+/-53,+/-54,+/-13,+/-13,+/-13,0
ZCTA5 86442,Estimate,1203,715,1110,1135,1278,1132,953,892,990,992,1354,1041,444,238,101,213,13791
ZCTA5 86442,Margin of Error,+/-214,+/-135,+/-263,+/-237,+/-281,+/-270,+/-203,+/-225,+/-249,+/-211,+/-274,+/-215,+/-149,+/-116,+/-63,+/-114,0
ZCTA5 86443,Estimate,0,0,0,0,0,0,0,0,0,0,0,0,0,0,0,0,0
ZCTA5 86443,Margin of Error,+/-13,+/-13,+/-13,+/-13,+/-13,+/-13,+/-13,+/-13,+/-13,+/-13,+/-13,+/-13,+/-13,+/-13,+/-13,+/-13,0
ZCTA5 86444,Estimate,60,60,70,36,88,23,20,0,0,27,29,9,0,0,0,0,422
ZCTA5 86444,Margin of Error,+/-57,+/-60,+/-61,+/-39,+/-76,+/-25,+/-33,+/-13,+/-13,+/-45,+/-46,+/-14,+/-13,+/-13,+/-13,+/-13,0
ZCTA5 86445,Estimate,0,20,14,26,0,15,0,0,11,77,0,0,15,0,0,0,178
ZCTA5 86445,Margin of Error,+/-13,+/-22,+/-22,+/-29,+/-13,+/-25,+/-13,+/-13,+/-17,+/-87,+/-13,+/-13,+/-24,+/-13,+/-13,+/-13,0
ZCTA5 86502,Estimate,81,49,33,29,9,14,9,16,6,38,19,16,14,0,9,0,342
ZCTA5 86502,Margin of Error,+/-25,+/-22,+/-17,+/-15,+/-9,+/-11,+/-8,+/-12,+/-7,+/-39,+/-17,+/-11,+/-9,+/-13,+/-13,+/-13,0
ZCTA5 86503,Estimate,616,285,129,100,183,178,99,166,154,198,252,208,65,4,36,0,2673
ZCTA5 86503,Margin of Error,+/-136,+/-86,+/-49,+/-38,+/-81,+/-61,+/-53,+/-67,+/-56,+/-64,+/-82,+/-77,+/-38,+/-5,+/-39,+/-20,0
ZCTA5 86504,Estimate,306,74,58,169,65,106,78,68,88,67,140,115,98,94,13,10,1549
ZCTA5 86504,Margin of Error,+/-69,+/-38,+/-35,+/-77,+/-37,+/-55,+/-40,+/-39,+/-42,+/-37,+/-50,+/-45,+/-50,+/-63,+/-20,+/-15,0
ZCTA5 86505,Estimate,473,242,157,188,140,99,103,74,79,141,120,113,48,27,8,8,2020
ZCTA5 86505,Margin of Error,+/-51,+/-43,+/-31,+/-47,+/-36,+/-28,+/-28,+/-25,+/-25,+/-38,+/-31,+/-28,+/-18,+/-17,+/-8,+/-8,0
ZCTA5 86506,Estimate,100,22,28,33,15,12,6,20,3,42,17,24,3,0,0,3,328
ZCTA5 86506,Margin of Error,+/-26,+/-12,+/-18,+/-18,+/-11,+/-8,+/-6,+/-11,+/-4,+/-19,+/-12,+/-14,+/-4,+/-13,+/-13,+/-5,0
ZCTA5 86507,Estimate,144,47,33,32,29,31,19,12,13,46,26,41,18,0,2,4,497
ZCTA5 86507,Margin of Error,+/-32,+/-18,+/-15,+/-16,+/-15,+/-14,+/-13,+/-9,+/-11,+/-20,+/-16,+/-22,+/-12,+/-13,+/-4,+/-6,0
ZCTA5 86508,Estimate,60,36,26,24,13,10,15,2,19,11,12,17,3,0,2,0,250
ZCTA5 86508,Margin of Error,+/-22,+/-19,+/-13,+/-11,+/-10,+/-9,+/-10,+/-3,+/-14,+/-10,+/-9,+/-12,+/-4,+/-13,+/-4,+/-13,0
ZCTA5 86510,Estimate,407,171,114,98,101,60,111,56,55,117,64,75,28,2,2,0,1461
ZCTA5 86510,Margin of Error,+/-51,+/-34,+/-29,+/-30,+/-27,+/-24,+/-30,+/-25,+/-20,+/-29,+/-21,+/-25,+/-15,+/-3,+/-3,+/-18,0
ZCTA5 86511,Estimate,243,45,45,25,12,104,10,13,52,85,81,63,12,0,30,0,820
ZCTA5 86511,Margin of Error,+/-58,+/-24,+/-35,+/-24,+/-8,+/-63,+/-8,+/-13,+/-38,+/-38,+/-51,+/-43,+/-14,+/-13,+/-19,+/-13,0
ZCTA5 86512,Estimate,151,76,58,28,31,27,33,37,8,54,34,43,11,7,6,5,609
ZCTA5 86512,Margin of Error,+/-41,+/-31,+/-26,+/-15,+/-15,+/-14,+/-21,+/-22,+/-6,+/-30,+/-20,+/-20,+/-9,+/-8,+/-8,+/-8,0
ZCTA5 86514,Estimate,175,74,79,36,44,27,39,26,40,42,47,23,14,8,9,0,683
ZCTA5 86514,Margin of Error,+/-36,+/-28,+/-23,+/-17,+/-20,+/-14,+/-15,+/-13,+/-20,+/-17,+/-17,+/-13,+/-10,+/-8,+/-9,+/-11,0
ZCTA5 86515,Estimate,279,120,34,101,50,80,84,68,39,67,239,77,42,9,7,0,1296
ZCTA5 86515,Margin of Error,+/-80,+/-71,+/-25,+/-47,+/-40,+/-46,+/-44,+/-36,+/-35,+/-32,+/-134,+/-61,+/-24,+/-14,+/-13,+/-11,0
ZCTA5 86520,Estimate,162,59,46,24,18,29,24,18,13,21,30,22,10,0,0,2,478
ZCTA5 86520,Margin of Error,+/-33,+/-19,+/-18,+/-16,+/-10,+/-15,+/-14,+/-12,+/-12,+/-15,+/-12,+/-13,+/-8,+/-13,+/-13,+/-3,0
ZCTA5 86535,Estimate,77,21,17,22,16,15,17,6,4,18,20,15,0,3,0,0,251
ZCTA5 86535,Margin of Error,+/-28,+/-11,+/-9,+/-11,+/-10,+/-11,+/-10,+/-7,+/-7,+/-14,+/-13,+/-10,+/-13,+/-4,+/-13,+/-13,0
ZCTA5 86538,Estimate,97,33,30,54,26,34,19,17,33,56,83,43,29,0,0,0,554
ZCTA5 86538,Margin of Error,+/-31,+/-20,+/-16,+/-22,+/-16,+/-18,+/-14,+/-14,+/-17,+/-23,+/-29,+/-20,+/-17,+/-13,+/-13,+/-13,0
ZCTA5 86540,Estimate,72,28,28,20,5,16,4,7,15,7,15,22,9,0,0,0,248
ZCTA5 86540,Margin of Error,+/-23,+/-13,+/-17,+/-13,+/-5,+/-10,+/-5,+/-7,+/-12,+/-7,+/-13,+/-13,+/-8,+/-13,+/-13,+/-13,0
ZCTA5 86544,Estimate,88,42,23,27,21,26,6,26,12,22,26,20,17,7,3,0,366
ZCTA5 86544,Margin of Error,+/-29,+/-16,+/-13,+/-15,+/-14,+/-16,+/-5,+/-14,+/-10,+/-13,+/-15,+/-12,+/-10,+/-6,+/-4,+/-13,0
ZCTA5 86545,Estimate,77,51,12,14,31,38,11,20,12,17,20,18,11,6,0,0,338
ZCTA5 86545,Margin of Error,+/-23,+/-22,+/-8,+/-11,+/-15,+/-21,+/-8,+/-11,+/-7,+/-11,+/-12,+/-10,+/-8,+/-6,+/-13,+/-13,0
ZCTA5 86547,Estimate,86,8,20,38,13,23,21,13,14,11,18,4,3,0,0,0,272
ZCTA5 86547,Margin of Error,+/-28,+/-7,+/-13,+/-17,+/-10,+/-13,+/-13,+/-10,+/-10,+/-9,+/-14,+/-6,+/-4,+/-13,+/-13,+/-13,0
ZCTA5 86556,Estimate,112,45,38,16,11,43,10,19,6,31,11,19,8,14,4,2,389
ZCTA5 86556,Margin of Error,+/-29,+/-22,+/-16,+/-12,+/-11,+/-19,+/-9,+/-12,+/-7,+/-14,+/-8,+/-13,+/-8,+/-11,+/-6,+/-3,0
ZCTA5 87328,Estimate,139,64,74,76,33,35,36,30,14,49,66,32,2,14,6,5,675
ZCTA5 87328,Margin of Error,+/-35,+/-25,+/-23,+/-26,+/-18,+/-20,+/-16,+/-15,+/-10,+/-22,+/-23,+/-22,+/-4,+/-12,+/-7,+/-6,0
